user_home_lat,user_home_long,user_work_lat,user_work_long,customer_weight,work_distance
34.09243835227763,-84.4705423456089,34.03821666280615,-84.29503041181405,62.13892531620978,2.7210895541968845
34.090335293793025,-84.46993296579446,34.03839683882386,-84.29520365200818,62.13892531620978,2.709890545868476
34.09184360808966,-84.46914359643426,34.03908427317592,-84.29578002968736,62.13892531620978,2.672437550162086
34.091414336733905,-84.46839953379413,34.03966813207345,-84.29517673871081,62.13892531620978,2.7037437321882285
34.09149496654604,-84.46950461975034,34.03718742327276,-84.29495128776638,62.13892531620978,2.7341554484859856
34.09103246452952,-84.46911882805202,34.03717356887794,-84.29334595902193,62.13892531620978,2.8255969618853847
34.090843283849956,-84.46843912539754,34.037496907415004,-84.29427029276295,62.13892531620978,2.770163016585927
34.09064016495516,-84.46798947196963,34.03928613688609,-84.29608740675597,62.13892531620978,2.6536795487719167
34.09072962385483,-84.46728118667514,34.03756594951577,-84.29466475274428,62.13892531620978,2.7471143623115397
34.09079554638871,-84.46886134944405,34.03822832545575,-84.29511835655619,62.13892531620978,2.7159860647206617
34.093170807752365,-84.46838118946314,34.036766787457154,-84.29477807971118,62.13892531620978,2.748007974846553
34.091094735335425,-84.46926449495778,34.03975567434251,-84.29561301343729,62.13892531620978,2.678346514380752
34.09106043235121,-84.46962242683826,34.038185011603744,-84.29480282460428,62.13892531620978,2.7343076599918112
34.09129163186313,-84.46921106797792,34.0386134592291,-84.29601638932643,62.13892531620978,2.6619775144002347
34.09279396641852,-84.4704121138154,34.03863809658848,-84.29646984583906,62.13892531620978,2.635919315808567
34.092409801537656,-84.46748159492695,34.038032501515566,-84.29502571931566,62.13892531620978,2.7227560714465997
34.09174073673262,-84.46752983013656,34.037615356174925,-84.29514054189663,62.13892531620978,2.719602059839563
34.092021885075646,-84.46983429529723,34.039326768597014,-84.29675874427913,62.13892531620978,2.6150594701604426
34.091242374413405,-84.4679501780027,34.03917093131973,-84.29365974757626,62.13892531620978,2.793157020242198
34.092306302137416,-84.46940196247445,34.03823404882341,-84.29513032681261,62.13892531620978,2.7152607085201654
34.091696112816436,-84.46879631993943,34.03852893082036,-84.29581616962345,62.13892531620978,2.673995145556677
34.09140151289306,-84.46698671136642,34.03900757123706,-84.29326611604932,62.13892531620978,2.816602179529453
34.09160339442881,-84.46885831665591,34.03896593092283,-84.29392182188838,62.13892531620978,2.7793646074829863
34.091133952592905,-84.46789385678686,34.038282815792584,-84.2954327396865,62.13892531620978,2.697647746177987
34.091906072528765,-84.46966285469205,34.03893235490304,-84.29453540831658,62.13892531620978,2.7444981114022293
34.0916907020718,-84.46916655966378,34.037609557171166,-84.29508392150434,62.13892531620978,2.722875424794963
34.09135961121134,-84.46939709411065,34.038591514388386,-84.29652428254464,62.13892531620978,2.6331361167620826
34.09180620031135,-84.4679723970621,34.03949121514585,-84.29446364417177,62.13892531620978,2.745443715630548
34.09097331842722,-84.4692894706578,34.03964110154442,-84.29554942621436,62.13892531620978,2.6825498827187775
34.0926616141014,-84.46825489558843,34.03836145551875,-84.29539822851538,62.13892531620978,2.699041592419992
34.090667676330824,-84.46724536168308,34.03773081618847,-84.29553667166505,62.13892531620978,2.6960697060138146
34.091224476950984,-84.46829199274002,34.03818301219027,-84.29497461315891,62.13892531620978,2.724523545524505
34.022170677862654,-84.40493430140197,34.03984663296627,-84.58237382905665,58.96709827686684,13.782993644822339
34.02109635956121,-84.40621443016478,34.03985672173872,-84.58067550449019,58.96709827686684,13.685546508136511
34.021902621077714,-84.40490006607494,34.040410054453545,-84.58150481704662,58.96709827686684,13.732634845581236
34.01952626291532,-84.40537393830272,34.03955398466498,-84.58126519034157,58.96709827686684,13.719692231276618
34.02064827119806,-84.40671648935485,34.04134984121821,-84.58176032893238,58.96709827686684,13.746703145386144
34.02252236089211,-84.4062592144438,34.038730921732544,-84.58086207283954,58.96709827686684,13.697580218936825
34.02093374252082,-84.40587074911674,34.04081062365498,-84.58183859582127,58.96709827686684,13.751495787878653
34.020913165021256,-84.40621140441908,34.04000644513625,-84.58260711821296,58.96709827686684,13.79622525928443
34.0218904915632,-84.40431154408894,34.039770488721096,-84.58175118639022,58.96709827686684,13.747347165070646
34.02182537037553,-84.40589413390713,34.040118934594304,-84.58289686031846,58.96709827686684,13.812746494772417
34.021508390005174,-84.40705471444662,34.04072517412745,-84.58107408685942,58.96709827686684,13.707689165729578
34.02228134523551,-84.4046845930357,34.04026066252253,-84.58112523483676,58.96709827686684,13.710979006852176
34.02130748862933,-84.40639237976059,34.04096488431463,-84.57955780895232,58.96709827686684,13.620537923414938
34.0224923449028,-84.40602608384015,34.039879898543184,-84.58190036128019,58.96709827686684,13.75579698527473
34.02146818092182,-84.40631868953204,34.0406708271667,-84.5812935229145,58.96709827686684,13.720316986473806
34.019680589996725,-84.40488520203911,34.04013868596344,-84.58191932541064,58.96709827686684,13.756644408425773
34.02120410968646,-84.40587429470253,34.04034856414739,-84.58178139202892,58.96709827686684,13.748552460655471
34.02013555150451,-84.40526156212273,34.04051854257357,-84.58244480972418,58.96709827686684,13.786482544930202
34.02107250339322,-84.40624206501852,34.04042133513718,-84.58101784130314,58.96709827686684,13.704686055091884
34.02160850677278,-84.405924411803,34.0400243637211,-84.58125668054751,58.96709827686684,13.718729844524372
34.02091456043039,-84.40485871690947,34.04058066054691,-84.58086383518572,58.96709827686684,13.695728569111855
34.02101240460535,-84.40648948676697,34.03996435185948,-84.58099643222432,58.96709827686684,13.703854874692624
34.021309149465104,-84.40829498925156,34.041446510100556,-84.58303365882453,58.96709827686684,13.819718443356894
34.02076637952097,-84.40617802029236,34.04126101289541,-84.58109274714653,58.96709827686684,13.708442849710526
34.0201537919486,-84.40477123522996,34.04048665295804,-84.58006323436378,58.96709827686684,13.649865193474444
34.021237768389476,-84.40564926522325,34.04133157296177,-84.58218264437842,58.96709827686684,13.770942530147249
34.020216649744754,-84.40582395612937,34.0397910121397,-84.57983678292953,58.96709827686684,13.637492728634204
34.02058671478814,-84.40627080150024,34.04043647403875,-84.58068832851164,58.96709827686684,13.685768575362559
34.02074526619094,-84.40504919068105,34.04050737843246,-84.58060260651496,58.96709827686684,13.680795503607639
34.02107005252907,-84.40625960538311,34.0389772300862,-84.58040758891853,58.96709827686684,13.67117847306827
34.02207421264159,-84.40602975809094,34.040425280894524,-84.58133242741151,58.96709827686684,13.722732089364596
34.021109540035106,-84.40665552435965,34.03981941137777,-84.58286591649413,58.96709827686684,13.8112528408773
34.021305077500365,-84.40796694153275,34.04019673810617,-84.58197349632721,58.96709827686684,13.75970159507881
34.02129931989315,-84.40608382568148,34.040391545675774,-84.58134323873283,58.96709827686684,13.72337914761363
34.02140902213713,-84.40791149800329,34.04093766606861,-84.58083696199952,58.96709827686684,13.693946425615271
34.02010821511627,-84.40700494678084,34.041199301104406,-84.58124646988124,58.96709827686684,13.717294257929924
34.02001857198887,-84.40748588598925,34.03932961513919,-84.58159011475482,58.96709827686684,13.738586471367336
34.021043306825604,-84.40619004316078,34.0390035944277,-84.58247223153097,58.96709827686684,13.789591177608076
34.02150538855512,-84.40773333652967,34.04102612622677,-84.5806531579122,58.96709827686684,13.683347850935522
34.02085871802771,-84.40479712928224,34.04090347060102,-84.58091933917997,58.96709827686684,13.698693948240726
34.021517126759555,-84.4062149482282,34.04050733964343,-84.58184344925228,58.96709827686684,13.751988240477072
34.02117436368026,-84.40643925676348,34.03895314201055,-84.58073975896525,58.96709827686684,13.69026591761057
34.02138081504217,-84.40790810073366,34.040289534006654,-84.58069695674014,58.96709827686684,13.686382768036683
34.02875077985128,-84.32153339572993,34.008062252306566,-84.29199573904594,111.66369763178882,3.7305855932545113
34.02863603314133,-84.32402170084845,34.00657110085737,-84.28954711024528,111.66369763178882,3.904428503199278
34.02856134774678,-84.32239766068194,34.00676711718458,-84.2907430220379,111.66369763178882,3.8429134564777283
34.12356184893312,-84.23488143442077,33.91997968827306,-84.3447987105584,36.83159430464051,8.443683008207667
34.04184642452897,-84.33467260535991,34.05408679782756,-84.33620780639463,138.4210006486295,0.8710187126011013
34.04120214538994,-84.33579494496662,34.054284391954674,-84.33505569865505,138.4210006486295,0.9112225972625098
34.041210977802464,-84.33584045759311,34.05315687295956,-84.33577680346912,138.4210006486295,0.8232120771645575
34.04233854307406,-84.33659799534331,34.052053273468225,-84.33502327775591,138.4210006486295,0.7778255433436508
34.041030969759596,-84.33532646315878,34.05249291364703,-84.33621714544071,138.4210006486295,0.7709882722299952
34.04107923699903,-84.33710482635544,34.053362420293084,-84.33557158925134,138.4210006486295,0.8411544622584446
34.04120367060659,-84.33572480019758,34.05318123549921,-84.33608976006599,138.4210006486295,0.8168770286014382
34.03965349495583,-84.33654024938407,34.05200509623615,-84.33493978708101,138.4210006486295,0.7775550895345986
34.04143901754581,-84.33396747024511,34.05271965107358,-84.33660155935905,138.4210006486295,0.7756695832151654
34.04151549036006,-84.33537704418902,34.05346418690007,-84.3373590869561,138.4210006486295,0.8067794790439787
34.041313632154925,-84.33689475390263,34.052350893317936,-84.33707026047301,138.4210006486295,0.7415563352428959
34.04105144373884,-84.33614288098516,34.05439334623228,-84.33434277166809,138.4210006486295,0.9368661861958332
34.0400416073589,-84.3368868143935,34.05252730570565,-84.33471714288723,138.4210006486295,0.8148495308837003
34.04072007374666,-84.3359850570358,34.05381033388441,-84.33690342460926,138.4210006486295,0.8383122198570171
34.04215990439726,-84.3350111028259,34.05400390047068,-84.33512378133995,138.4210006486295,0.8922065902083753
34.040836752273016,-84.33449746739278,34.05223805255948,-84.33656875064743,138.4210006486295,0.7463672938504786
34.041922032972764,-84.33437815164476,34.0537335202825,-84.33517060670452,138.4210006486295,0.8744012722109749
34.041027967317575,-84.33512899129717,34.05433548515001,-84.33697394035276,138.4210006486295,0.8707688985135774
34.0415678398952,-84.33831687587649,33.93396079637385,-84.17168517945846,108.60024269611804,12.31856685379684
34.03924507409494,-84.33761788114383,33.935351472007405,-84.17396191423751,108.60024269611804,12.156445436434687
34.03960290181693,-84.33907887516928,33.93492392989752,-84.17054187221255,108.60024269611804,12.330728259927646
34.04131909172367,-84.33863167859268,33.93444969584307,-84.17250358251471,108.60024269611804,12.260750584434891
34.04206183659824,-84.33801892481675,33.93351313727914,-84.17159082094734,108.60024269611804,12.341642064043745
34.04134833676346,-84.33747843272099,33.93371762718747,-84.17106051393367,108.60024269611804,12.357254192728309
34.04084897277003,-84.33803866699563,33.934399455629,-84.17392529642395,108.60024269611804,12.198114277761361
34.04177164440342,-84.33905538095561,33.934501186879764,-84.17214122962622,108.60024269611804,12.275132190027142
34.04051440678109,-84.33692696310952,33.92739757186375,-84.34844217318427,134.27275017511838,7.939228504342582
34.042366187366305,-84.33729643808712,33.926873781703314,-84.34853853644398,134.27275017511838,7.975544329421014
34.041670119838344,-84.33783653340616,33.925732584792364,-84.34918649276912,134.27275017511838,8.055890095445447
34.04070330100133,-84.33877759766355,33.928202409693284,-84.34890124590733,134.27275017511838,7.885060108804411
34.041894235767856,-84.33671482208707,33.9259669264907,-84.34837156258665,134.27275017511838,8.037552848874853
34.0401314058483,-84.3376681424108,33.9271953134868,-84.34893301952528,134.27275017511838,7.954478698979536
34.03987436537365,-84.33778464812953,33.927274779184344,-84.34861215376989,134.27275017511838,7.948130688549169
34.04026175014025,-84.3367217536927,33.926445086381406,-84.34989520814419,134.27275017511838,8.008991814491207
34.02096485955052,-84.40622269950559,33.75626269390623,-84.39322716674985,57.59516681502115,19.94305771837853
34.021317402131345,-84.40669670771022,33.75547632434377,-84.3931246517152,57.59516681502115,19.99580552918659
34.0210542568678,-84.40801281198684,33.7569958603578,-84.39018750189304,57.59516681502115,19.868062843576727
34.02129293594536,-84.40629209043313,33.756565333383016,-84.39258267264539,57.59516681502115,19.917004708229186
34.022154355714775,-84.40642827182289,33.756899650825126,-84.39240970364865,57.59516681502115,19.89276252257614
34.021255118660115,-84.40511893151762,33.75864716576423,-84.39209214248969,57.59516681502115,19.77094378996936
34.021317630564184,-84.4066937431229,33.75699796732425,-84.39192604411699,57.59516681502115,19.882041595748618
34.019928346141526,-84.40464540723323,33.756627880434976,-84.3923126990322,57.59516681502115,19.91048826309616
34.021069416021305,-84.4041357508669,33.755558972060385,-84.3912075612484,57.59516681502115,19.974329398579915
34.020879738257214,-84.40627168675354,33.7571028706781,-84.39241659401775,57.59516681502115,19.878961757746346
34.019871230636504,-84.407851212277,33.75707090993574,-84.39222321061301,57.59516681502115,19.879530196993798
34.021332671083975,-84.4076290654237,33.757896892082485,-84.39180578858576,57.59516681502115,19.819734614754953
34.02149913023854,-84.406948171126,33.757624618822824,-84.39103472449082,57.59516681502115,19.831982805277484
34.02116498636705,-84.40555482015002,33.75594882308829,-84.39385648175288,57.59516681502115,19.969802994510424
34.02124198594336,-84.40609520144059,33.757859113357476,-84.39072131530057,57.59516681502115,19.813439275380542
34.02021061628514,-84.40512494185732,33.75582157856279,-84.39224216657661,57.59516681502115,19.964893555295962
34.021525580454764,-84.40601360459173,33.757414090231514,-84.39339444586179,57.59516681502115,19.865988216809225
34.02028752279595,-84.40460334626438,33.75709079269944,-84.3923335979694,57.59516681502115,19.879093166177043
34.01982415076563,-84.40512285978,33.756642491224596,-84.3919131214024,57.59516681502115,19.906181301209422
34.020650298219174,-84.40573726671366,33.75733570456418,-84.39121017575262,57.59516681502115,19.853124173240946
34.02110394316655,-84.40689338346507,33.75568959187053,-84.39238099350172,57.59516681502115,19.97504656468441
34.022204981715014,-84.4063242414428,33.75621068063531,-84.39272646053789,57.59516681502115,19.94239124323481
34.021419516747436,-84.40515841676851,33.75654759340259,-84.3925457760231,57.59516681502115,19.917906115651043
34.01939996797715,-84.40671354726895,33.75779713118358,-84.3920516425637,57.59516681502115,19.828576552368315
34.021181230191374,-84.40569063167807,33.756624171901116,-84.3921246700571,57.59516681502115,19.90918020902749
34.021081732534476,-84.40632094395484,33.75622381832791,-84.391097112661,57.59516681502115,19.928068602790095
34.03253992240343,-84.41319631541582,34.46241907716339,-84.4349077750359,61.30082296036977,29.428425831373648
34.03424964270285,-84.41292571938422,34.46470935671363,-84.43547570925529,61.30082296036977,29.58955372568443
34.034300528153395,-84.41264297066368,34.46328786109831,-84.43620546938476,61.30082296036977,29.50078395835083
34.03470563083765,-84.41211644749681,34.4650995632319,-84.43401906589521,61.30082296036977,29.60108916400274
34.033936862963756,-84.41216038678206,34.46405795538776,-84.43509045745793,61.30082296036977,29.54141810985016
34.0325173418966,-84.41335399102032,34.46507489368896,-84.43330558361836,61.30082296036977,29.592191504167015
34.03292006415941,-84.41170598287769,34.46312748363925,-84.43589526626187,61.30082296036977,29.486680990681343
34.034028025103076,-84.4118617151268,34.464222754501755,-84.43455293225075,61.30082296036977,29.547070832109057
34.03519758666066,-84.41262444845073,34.463959982142526,-84.43335645543148,61.30082296036977,29.51706840090865
34.03400881828642,-84.41231357262534,34.46418235764976,-84.43476342572603,61.30082296036977,29.546489732431773
34.033392512970856,-84.41213349506047,34.46364688747207,-84.4352764860272,61.30082296036977,29.515469424693148
34.033559985780215,-84.41223620209738,34.46328337076087,-84.43363126159092,61.30082296036977,29.473958768952755
34.03384289735118,-84.41191064902353,34.46556650279016,-84.43534320399192,61.30082296036977,29.646298191063323
34.03408336315336,-84.41208261437032,34.46582393758652,-84.43535027112185,61.30082296036977,29.663825005927908
34.032409745905156,-84.41296950872507,34.46236971519073,-84.43444107094315,61.30082296036977,29.42027326443253
34.03349782998581,-84.41413604471633,34.46528016793338,-84.43549736803189,61.30082296036977,29.628474333507594
34.03345795630685,-84.4108000531513,34.4635736159823,-84.43373614967498,61.30082296036977,29.4947117131013
34.0334584378696,-84.41431965986693,34.46355502232308,-84.43521512255279,61.30082296036977,29.50860785897192
34.03379412799583,-84.41228314528202,34.463609027960544,-84.43575621993739,61.30082296036977,29.517872479892375
34.03474391107789,-84.41291779078553,34.462668358079746,-84.43490913836854,61.30082296036977,29.445339623840848
34.03667125983441,-84.35735546669962,33.94379683187986,-84.35958040003204,71.817768289392,6.8737770778424485
34.035849982063496,-84.3594746158061,33.94404997152073,-84.35985007590276,71.817768289392,6.858788296421677
34.03600207740559,-84.35791733595055,33.94386235464088,-84.35988522821195,71.817768289392,6.871875904333664
34.03613459220885,-84.35892478459333,33.943052574965954,-84.36006774465754,71.817768289392,6.928625628246133
34.03610316644567,-84.3583884356858,33.94379899231355,-84.35993082780568,71.817768289392,6.876582584513403
34.03678620650825,-84.35883498088796,33.944575043398494,-84.36141037389767,71.817768289392,6.836891296367422
34.03646134758361,-84.35711757466092,33.944014454127924,-84.3592290008901,71.817768289392,6.856027904220622
34.03536283457388,-84.35758941985938,33.944481001578474,-84.35961521025698,71.817768289392,6.827418114674001
34.0345110815419,-84.35705705755691,33.94405355150609,-84.36016119274194,71.817768289392,6.861209031445479
34.04931300029821,-84.34655528226864,34.09127397723186,-84.38460519903758,135.49820503748742,4.1519354776330095
34.04892923123946,-84.34692583580453,34.092190647294544,-84.38387155955422,135.49820503748742,4.179058192846459
34.04957476844644,-84.34673311262358,34.09334295074508,-84.38367617556314,135.49820503748742,4.238120145989089
34.04850049525141,-84.34551477802333,34.09217591934154,-84.38557109312366,135.49820503748742,4.234778334213439
34.04947821939591,-84.3467578770536,34.09232312504417,-84.38437561598145,135.49820503748742,4.203131397219129
34.05093542183303,-84.34810816889204,34.092959133236484,-84.38408735573495,135.49820503748742,4.229621023702101
34.04959088505383,-84.34670951346624,34.09142785713415,-84.3852942941121,135.49820503748742,4.183775022112736
34.04924383332737,-84.34679742673595,34.09240718637407,-84.38488252854492,135.49820503748742,4.224660905961143
34.048993690191466,-84.34570266704083,34.091385035205164,-84.38501668677694,135.49820503748742,4.171996714317011
34.04947521118961,-84.34680825072799,34.09120490886774,-84.3840909515844,135.49820503748742,4.130843457253079
34.04939519318026,-84.34660401403988,34.09217512150586,-84.3833724753779,135.49820503748742,4.1618612227210985
34.049937887375414,-84.34653140732239,34.09276788498446,-84.38358325914538,135.49820503748742,4.202374756184109
34.05117807200777,-84.34698236114767,34.092317492024875,-84.38412823630215,135.49820503748742,4.194658184056861
34.04902079631724,-84.34491090272275,34.09189304202111,-84.3836581156157,135.49820503748742,4.15523299180926
33.89218001983306,-84.69038425522945,34.055802914818955,-84.29746780600499,118.12673987487128,2.724841698733412
33.8906534325357,-84.68975708815974,34.056048309168546,-84.29829711773921,118.12673987487128,2.685942760712529
34.079600456991585,-84.56617582880439,34.02382025787498,-84.36959527820305,60.350503262318824,2.031514972813848
34.08098915348562,-84.56548093553755,34.024343092711284,-84.36728098486233,60.350503262318824,1.9066944828771601
34.08069316889183,-84.56649226987638,34.02452248594305,-84.36779956773695,60.350503262318824,1.921289700972987
34.07994378510853,-84.56373033048132,34.024338072461234,-84.36597917897907,60.350503262318824,1.8511408476004994
34.08071904823838,-84.5651434816317,34.024131988610975,-84.36938476019017,60.350503262318824,2.008584395804964
34.08004232297656,-84.56259031028445,34.02273252404377,-84.36826315003633,60.350503262318824,2.022557558142729
34.079823762416495,-84.56541018023297,34.02362153084011,-84.36602208068636,60.350503262318824,1.8866197896522363
34.07980541401667,-84.56262760585777,34.02424102760828,-84.36802159137119,60.350503262318824,1.9435407529385933
34.07867221412828,-84.56583748771678,34.023917898796036,-84.36734663191942,60.350503262318824,1.9288442973149267
34.08020842362456,-84.56678406711163,34.02453029226726,-84.3691195964082,60.350503262318824,1.9795169402623687
34.079518927647776,-84.56351452437355,34.02475273709428,-84.36869612217619,60.350503262318824,1.9509645779130274
34.08074121845154,-84.56499789600946,34.02416615977658,-84.36579859465103,60.350503262318824,1.8515619078974226
34.079481840284764,-84.56406887049542,34.02433444967335,-84.36784207925358,60.350503262318824,1.9315191125853723
34.08024057594498,-84.56322072517028,34.023945226733694,-84.36913899846654,60.350503262318824,2.005812619744048
34.07988139347096,-84.56524967427032,34.02522415024579,-84.36700671431977,60.350503262318824,1.8553529888313682
34.08170760442357,-84.56397400423732,34.02536185976041,-84.36733340654476,60.350503262318824,1.8637669922789941
34.079881465889855,-84.56658508884837,34.02452222284732,-84.36730909572756,60.350503262318824,1.8998511681512171
34.08086568409333,-84.5637589698299,34.02350412920214,-84.36682828765004,60.350503262318824,1.9259176994642784
34.07988762928193,-84.5652610622019,34.02400520363156,-84.36754512791758,60.350503262318824,1.9334210988011173
34.07907778972069,-84.56402730730386,34.025292853839886,-84.36660173170557,60.350503262318824,1.8345088077291845
34.07935141953291,-84.56663795662735,34.024687932451386,-84.36929669936362,60.350503262318824,1.9807220817453453
34.07959465498161,-84.5645896889099,34.02468536095444,-84.3668630338921,60.350503262318824,1.8731187980464679
34.08072551706842,-84.56345248728857,34.02325485943544,-84.36873647709061,60.350503262318824,2.018942155829668
34.08012087482615,-84.56630617704447,34.023650389161276,-84.36864064079033,60.350503262318824,1.9969793217719674
34.07996177880615,-84.56524419618266,34.02402858752823,-84.36750069008241,60.350503262318824,1.9304404286187575
34.0796436685101,-84.56480959972869,34.02621063704018,-84.36779436812282,60.350503262318824,1.8482805809134588
34.07990408321971,-84.56481030368998,34.0236135658516,-84.36719584950097,60.350503262318824,1.9363904607063536
34.07975374003464,-84.5647563372222,34.02370603265125,-84.36826876269838,60.350503262318824,1.9782921387876118
34.07971322150476,-84.56297730763416,34.023533990046566,-84.36845082505616,60.350503262318824,1.9939518779686771
34.07839132008585,-84.56400829658257,34.024359820141484,-84.36766682294933,60.350503262318824,1.9227269051663058
34.079439327846444,-84.56618314563534,34.02485126900647,-84.36681799010121,60.350503262318824,1.8636937779973348
34.0798963825015,-84.56470653057384,34.02457322334008,-84.3692251913065,60.350503262318824,1.9824100970119265
34.081295604452706,-84.563811345084,34.02429074808567,-84.36914204630155,60.350503262318824,1.9908732081673395
34.08141148587869,-84.56540444472607,34.02461716181389,-84.36723061043324,60.350503262318824,1.8921729944610277
34.07892528484509,-84.56512368222906,34.024392415955084,-84.36774727826261,60.350503262318824,1.9247859877545737
34.0801203117681,-84.56552510162861,34.024158764109636,-84.36824762089391,60.350503262318824,1.9571069035683832
34.03278768307258,-84.3273347908903,34.06136916629542,-84.38038231796158,102.14880808295634,2.5497094204606507
34.03176108414071,-84.3300380502436,34.062435249984354,-84.38012577884908,102.14880808295634,2.5755605131104558
34.03266447059859,-84.32686670336413,34.06424188042419,-84.38275421697777,102.14880808295634,2.7696476575354416
34.03205763601843,-84.32802752056145,34.06294641457269,-84.38110536590703,102.14880808295634,2.641883804326064
34.03187283022848,-84.32905695381233,34.061688023378515,-84.38012039280214,102.14880808295634,2.5481564283659766
34.03240258837651,-84.32741315347128,34.063412750667865,-84.38026661637349,102.14880808295634,2.6189096268020564
33.7431031464023,-84.50401953602166,34.042226084843115,-84.32573247496683,305.06632305145564,0.9437673261646439
34.049681933600056,-84.32926684150446,33.79737702341216,-84.38654587276024,106.85240760196277,17.083688392241918
34.04840825211085,-84.33010071692624,33.79720525023915,-84.38803358192158,106.85240760196277,17.108351319282697
34.047525822366765,-84.33029760803537,33.797535058178305,-84.38819440247146,106.85240760196277,17.087318568520583
34.04801959113847,-84.32930906358939,33.796427886103196,-84.38903925858713,106.85240760196277,17.170260018201837
34.04807985912962,-84.33029493970643,33.79787841407628,-84.3876879851426,106.85240760196277,17.059454032604176
34.048435773282996,-84.33190965812068,33.79786151275841,-84.3877180457305,106.85240760196277,17.060869998511553
34.04823497241993,-84.32900863343058,33.798211293223,-84.38921607447452,106.85240760196277,17.050479292252227
34.04724153242108,-84.33008117852454,33.797252728330804,-84.38929920083426,106.85240760196277,17.116470396202825
34.04850075024177,-84.33152576051322,33.79629409210504,-84.38791010686538,106.85240760196277,17.169318280435295
34.04687917394741,-84.3310516484431,33.79728511552171,-84.38811837621043,106.85240760196277,17.103663631880643
34.04768948118725,-84.33091493710134,33.797577403854454,-84.38852482749495,106.85240760196277,17.08738367102617
34.0482319350365,-84.3310337220283,33.798648360005934,-84.38656085319515,106.85240760196277,16.9971781205039
34.04689019234848,-84.3301754782748,33.797341552976576,-84.38787154689273,106.85240760196277,17.097636765312892
34.04821807312344,-84.33183473286232,33.79777890971487,-84.38789241450628,106.85240760196277,17.068034991929252
34.04677640843346,-84.33059759256162,33.79721288128669,-84.38816385398233,106.85240760196277,17.108986044763235
34.047342898049294,-84.33160864514115,33.79846828407786,-84.38683575397127,106.85240760196277,17.011824577268225
34.04846058297511,-84.33022531661365,33.79847408677755,-84.38835769015111,106.85240760196277,17.024839060398808
34.0485391503079,-84.32972581446003,33.79728549529262,-84.38828693712153,106.85240760196277,17.105135214157585
34.04833012751993,-84.33007481937844,33.79749587908376,-84.38998979487835,106.85240760196277,17.106250312860272
34.04755079869628,-84.33216684023962,33.79780336532944,-84.38860470704712,106.85240760196277,17.072716486595137
34.04852998053738,-84.33244371082014,33.79748777361367,-84.38820059424344,106.85240760196277,17.090593413534318
34.04820664796343,-84.33235859996789,33.79754142869292,-84.38842364972844,106.85240760196277,17.088928007574122
34.047701811757214,-84.32838288842069,33.797796920502535,-84.38861869612974,106.85240760196277,17.073280842506072
34.04863170398798,-84.33224857144226,33.79668153898918,-84.38714832969742,106.85240760196277,17.136274244211638
34.04810289652251,-84.3301721599339,33.79854690315586,-84.38946061886286,106.85240760196277,17.029876405670237
34.04865838195987,-84.33057524205572,33.798489744068576,-84.38656503155548,106.85240760196277,17.00802289083821
34.04688131335442,-84.33148609750192,33.79673093983889,-84.38794570652391,106.85240760196277,17.139878026313152
34.04857688484792,-84.33043791382543,33.798182950121884,-84.38771640603058,106.85240760196277,17.038963221791537
34.0483631504152,-84.32840625706986,33.7984934807118,-84.38797049378249,106.85240760196277,17.020065205106267
34.04962500242334,-84.32895141878433,33.797237280569355,-84.38813597777683,106.85240760196277,17.107077205105664
34.04871689669467,-84.33119178801314,33.797748706430106,-84.38806560914631,106.85240760196277,17.071626060405254
34.048623538055494,-84.32949726213876,33.798436244549706,-84.38741632303336,106.85240760196277,17.01907049356587
34.04994023088095,-84.33014631656864,33.79683684114126,-84.38713587358826,106.85240760196277,17.125584693062507
34.04794352069993,-84.33012680484097,33.79763645827779,-84.38807955622886,106.85240760196277,17.079393608060343
34.04729720570459,-84.32967296573601,33.798164029319096,-84.38630779347118,106.85240760196277,17.028011721473373
34.04757522296958,-84.33109416240606,33.79702893493514,-84.38829028785239,106.85240760196277,17.122635021392533
34.04748509037303,-84.33034890662071,33.79740635720859,-84.38847634775489,106.85240760196277,17.09859535409009
34.048260944664335,-84.33038750180863,33.79729352977552,-84.38789790280178,106.85240760196277,17.101140035934794
34.04830476114234,-84.33021254566754,33.79656346484201,-84.3892281424018,106.85240760196277,17.16273725403556
34.04779838021233,-84.32999475426051,33.798184475129425,-84.3878773112583,106.85240760196277,17.040281563160235
34.048431672802145,-84.33163461528629,33.798789467855656,-84.38665386264734,106.85240760196277,16.988365637786234
34.04935689345808,-84.33091101229583,33.79687920163897,-84.38753082887223,106.85240760196277,17.126136831474458
34.04747275028522,-84.33174391339003,33.79740051035473,-84.38850726520515,106.85240760196277,17.09926990771952
34.04970617225418,-84.33117814306587,33.798773205841,-84.3871192206286,106.85240760196277,16.993516218607105
34.0485173326021,-84.32957038457212,33.797780729850196,-84.38815500658345,106.85240760196277,17.070239547249436
34.04833172038769,-84.33019535640085,33.79762346086176,-84.38785943689567,106.85240760196277,17.078330281792248
34.048476031794316,-84.32931182522103,33.79759066671519,-84.3881051345087,106.85240760196277,17.082738872100517
34.04957818956709,-84.33024997820125,33.79794454576531,-84.38662326388054,106.85240760196277,17.045677125065012
34.04903392981678,-84.33062887549465,33.79766214875426,-84.38801458530048,106.85240760196277,17.077068018041377
34.04748151618747,-84.33199824672528,33.79778319413787,-84.38638400203838,106.85240760196277,17.05461977978998
34.047798536162645,-84.32976080863759,33.79741571424851,-84.38799384149277,106.85240760196277,17.093666676598993
34.04832966868761,-84.33027703805946,33.79764705216198,-84.38658618008897,106.85240760196277,17.065631692243954
34.04714873400942,-84.32861293253247,33.79683748632584,-84.38724573795744,106.85240760196277,17.126494076653913
34.046558774261705,-84.33011444289548,33.79861351141782,-84.38669582663695,106.85240760196277,17.000717970596195
34.04823649486347,-84.33032578612543,33.79747652859008,-84.39034512721591,106.85240760196277,17.1108572114565
34.047614534454276,-84.33052398490075,33.797795413982094,-84.38839398190058,106.85240760196277,17.071370181180264
34.04841929368103,-84.33031285553362,33.79746868647208,-84.38881144029094,106.85240760196277,17.097358582388456
34.048369935702006,-84.33020598534792,33.79807261292286,-84.38673332414226,106.85240760196277,17.037898970748866
34.04777184239262,-84.3304206014532,33.7964402237699,-84.38816074446669,106.85240760196277,17.161576291851052
34.04803966799389,-84.33070376280016,33.7978759787011,-84.38880860552679,106.85240760196277,17.069608185460773
34.04913636132111,-84.32991720395924,33.79815854672073,-84.3878050897055,106.85240760196277,17.041408423079503
34.04936393301535,-84.33161712625228,33.79702326851342,-84.38844815649348,106.85240760196277,17.124426818014758
34.048174950510024,-84.32999077001631,33.797256297554554,-84.38824455160393,106.85240760196277,17.10674635947593
34.0479560097629,-84.3293540934345,33.79708098760386,-84.38670826285093,106.85240760196277,17.10525738314701
34.048215183347835,-84.33197915566903,33.79796985393791,-84.38715115082131,106.85240760196277,17.048523529719752
34.048299321490816,-84.33030224999438,33.79856892808875,-84.38916303726535,106.85240760196277,17.025658200107205
34.04854032154809,-84.33113137974631,33.79708390823126,-84.38809465713338,106.85240760196277,17.117155524117354
34.048804031426634,-84.33156159863948,33.79870580012189,-84.38801580748473,106.85240760196277,17.00601038855893
34.04801317669903,-84.33216768462414,33.79633331705965,-84.38785010557788,106.85240760196277,17.166119201568133
34.04774130145034,-84.33081505031195,33.79751418016366,-84.38785688263305,106.85240760196277,17.08575035682615
34.04843544691624,-84.3321847625117,33.79708658067232,-84.38848555704604,106.85240760196277,17.120449860928048
34.047668486467,-84.3311350006793,33.79704148652583,-84.38908905398097,106.85240760196277,17.128942655921655
34.04756540253407,-84.33010467176274,33.79751527851546,-84.3880169564432,106.85240760196277,17.087090874903577
34.04865712473215,-84.32881413084047,33.79725878000082,-84.38756769441464,106.85240760196277,17.100602787318824
34.04948930861146,-84.33020453545119,33.79840095974018,-84.38634295288482,106.85240760196277,17.012165014508675
34.04836439237804,-84.32927564840594,33.79874226752664,-84.38789120670776,106.85240760196277,17.002419764947543
34.04789612353188,-84.3315414023031,33.79664078714626,-84.38683712395488,106.85240760196277,17.136364150022676
34.04824256131443,-84.33011916411965,33.797736072287044,-84.38759420325347,106.85240760196277,17.068324252608193
34.048943140252824,-84.3304622016259,33.79861674007758,-84.38959297340183,106.85240760196277,17.026339805222438
34.04668350795616,-84.33068623093376,33.798242643085196,-84.3871067730204,106.85240760196277,17.029552552711557
34.048482287133226,-84.33070100758918,33.798028658756806,-84.39006232193312,106.85240760196277,17.07067766372449
34.048458636476035,-84.32957520486515,33.797113708086485,-84.38905012511664,106.85240760196277,17.12367493323522
34.04969799233557,-84.3314159512444,33.7969630411199,-84.38895621009088,106.85240760196277,17.133082978458358
34.048475720035356,-84.32960613910608,33.79597372531825,-84.38873901542833,106.85240760196277,17.198484010045043
34.04890399361846,-84.32939966262902,33.797444575255795,-84.3901046882042,106.85240760196277,17.110801722767214
34.04961400985234,-84.32902081446619,33.79729909660514,-84.38874992710504,106.85240760196277,17.108349893174704
34.0469908619576,-84.32988997010858,33.79792497315315,-84.38992461558303,106.85240760196277,17.076457764969017
34.04882766315484,-84.3293732024244,33.79857058443125,-84.38657837397011,106.85240760196277,17.00262908585074
34.048890312436995,-84.33000808514215,33.798848022956015,-84.38938823639235,106.85240760196277,17.008724284970267
34.049790833915026,-84.33027889759434,33.7970409206721,-84.38830603717308,106.85240760196277,17.121958925496852
34.048411571573126,-84.32980815142047,33.798577144976825,-84.38968190927628,106.85240760196277,17.02985199468201
34.048325292186036,-84.33016590975667,33.797750379263654,-84.3878169398697,106.85240760196277,17.06931122903489
34.04855692868031,-84.32862775081928,33.79792533634526,-84.38854283820966,106.85240760196277,17.06385768410612
34.049189864646664,-84.32847254548615,33.79671221331642,-84.38788427851482,106.85240760196277,17.140612307106394
34.04815470570416,-84.3282211752442,33.79615688459648,-84.38794097928071,106.85240760196277,17.178935257908375
34.04717787113708,-84.3292060833054,33.797821760515426,-84.38726521596799,106.85240760196277,17.059606909367137
34.04809266425473,-84.33038766022912,33.79855162766776,-84.38886987032714,106.85240760196277,17.02417283554814
34.04931203792557,-84.32979643119556,33.79789810827964,-84.38807569241618,106.85240760196277,17.0615418449486
34.047079616355255,-84.32932919111637,33.7977967944807,-84.3887067240312,106.85240760196277,17.074080667375362
34.04816949913395,-84.3285954589132,33.79690357266849,-84.38812631334262,106.85240760196277,17.12971681435324
34.04891809257877,-84.33120324814784,33.79705361774578,-84.3888149100779,106.85240760196277,17.125645120839774
34.04922168149665,-84.3293895923797,33.79703688415308,-84.38930490340918,106.85240760196277,17.131211936561726
34.04950682714104,-84.33060678040626,33.796733666460874,-84.39004615966118,106.85240760196277,17.158624298772306
34.04806552685715,-84.33238742662625,33.797795972072414,-84.38772356055064,106.85240760196277,17.06538248591186
34.04891091827819,-84.32961566049097,33.79710384710486,-84.38746746672633,106.85240760196277,17.110279728218725
34.04844783594108,-84.32914063137423,33.797706964061575,-84.386127501312,106.85240760196277,17.05762716228512
34.048075631493326,-84.33048026427466,33.79777173058594,-84.3882508551742,106.85240760196277,17.071705482423983
34.048275233458966,-84.33158321991935,33.79649617635871,-84.3886366761486,106.85240760196277,17.16199814959108
34.04909159134216,-84.33017448690055,33.79759154752505,-84.38702256213647,106.85240760196277,17.073180474844015
34.048253171634,-84.33106166957667,33.79810971313786,-84.38815838836814,106.85240760196277,17.047868319235448
34.04956780389059,-84.32884194401187,33.79754083058108,-84.38822326631505,106.85240760196277,17.087182214253946
34.04711546154654,-84.32968954255735,33.79697757703025,-84.38623512473015,106.85240760196277,17.108260937591428
34.04772009287358,-84.3289968411815,33.79712245471696,-84.38777657303321,106.85240760196277,17.11172255814574
34.047867847773496,-84.33163020600632,33.796467488497186,-84.38864317385605,106.85240760196277,17.164009442643515
34.04979268564086,-84.33034664484346,33.79864278425612,-84.38831154383347,106.85240760196277,17.012940589847016
34.04803928948681,-84.32954276470002,33.7975243366061,-84.38708065371782,106.85240760196277,17.078263809686685
34.04768196029284,-84.33033602742753,33.79834379871094,-84.388493958871,106.85240760196277,17.03493080377261
34.04827259538167,-84.33050969570311,33.79764433764941,-84.38825169859447,106.85240760196277,17.08038728327757
34.04823464195704,-84.33037601962845,33.79725267422679,-84.38867505289815,106.85240760196277,17.11083788084521
34.04828655895442,-84.33011564252737,33.797830627705004,-84.3881665706982,106.85240760196277,17.066944687867867
34.04765343425498,-84.32973796026229,33.7967241504339,-84.38871383408625,106.85240760196277,17.147167429880227
34.04821406913541,-84.32917839902858,33.79763962311437,-84.38937993787904,106.85240760196277,17.09087578047339
34.04888966919949,-84.3313216815795,33.798245899527835,-84.38693082636013,106.85240760196277,17.02780108506129
34.047032124519646,-84.33043676955285,33.79860603605306,-84.38780526704592,106.85240760196277,17.01093502326289
34.04819588563972,-84.3305157015994,33.79745145764432,-84.38789852184725,106.85240760196277,17.09038975119317
34.0483487194345,-84.33043538756249,33.79628476153638,-84.38950966981241,106.85240760196277,17.18425979056012
34.04818022469699,-84.33027030877491,33.7973165085285,-84.38817670083775,106.85240760196277,17.10204342108373
34.04687647817651,-84.33092767830799,33.79825677065159,-84.3876009871332,106.85240760196277,17.032918140732274
34.0497509582405,-84.32962850084702,33.79755833251659,-84.38899606270803,106.85240760196277,17.092922487401747
34.048483646123366,-84.32952323814982,33.79928037434972,-84.38809063438192,106.85240760196277,16.9675552117024
34.04828906963021,-84.3303901157889,33.798553567305866,-84.3871317582057,106.85240760196277,17.008588335037064
34.03388701369953,-84.40693530619927,34.04996649510488,-84.37731034598325,67.16590407270593,2.0808649856281827
34.03231554109816,-84.40734472777302,34.04928074631614,-84.37750573628608,67.16590407270593,2.080559406565602
34.03315511750911,-84.40609003927837,34.049231844092276,-84.37757497937953,67.16590407270593,2.083673713788338
34.03352506586457,-84.40703926543485,34.04719917804307,-84.37781279752285,67.16590407270593,2.0703622199134584
34.033098918700745,-84.40709476807682,34.048838752747805,-84.37768263232799,67.16590407270593,2.0838215658382997
34.03267299266731,-84.40649198756105,34.04866755433245,-84.37720585641375,67.16590407270593,2.054604607842023
34.032567655232555,-84.40769958689252,34.04803028224549,-84.37683834135166,67.16590407270593,2.0252193080597882
34.033567350076666,-84.40666816259191,34.048214514065464,-84.3761172825515,67.16590407270593,1.9871022536518093
34.0344786749274,-84.40613523138312,34.04952402738921,-84.37747339469938,67.16590407270593,2.0826007765138383
34.03183574536617,-84.40726800610115,34.049656904049705,-84.37636222481264,67.16590407270593,2.0228881506555254
34.031703176313414,-84.40598430095153,34.048536957314816,-84.3767960902944,67.16590407270593,2.0297417318329165
34.033287270266726,-84.40652045703102,34.048952035660406,-84.3776834885746,67.16590407270593,2.0855275214353015
34.033903486403155,-84.40462716328396,34.047815727083915,-84.37810802017414,67.16590407270593,2.094144059091619
34.032715756837355,-84.40718117571227,34.04899439410268,-84.37846433504416,67.16590407270593,2.1299232260973096
34.03295209939269,-84.40494650324493,34.048717319696685,-84.3760786675805,67.16590407270593,1.9921304944073468
34.03346207429402,-84.40575441571538,34.04860352628408,-84.37664487525258,67.16590407270593,2.022206653939937
34.03235309816456,-84.40559130619359,34.048988038525565,-84.37788353883494,67.16590407270593,2.0972700027460087
34.032887409312266,-84.4043483721781,34.04858703914159,-84.37711592635179,67.16590407270593,2.0484091267334885
34.033873853782886,-84.40630367274805,34.05021257129531,-84.37777170735528,67.16590407270593,2.1107385022408467
34.031826735392336,-84.40601615968694,34.04916623615339,-84.37779456626701,67.16590407270593,2.09495444849196
34.031693651459705,-84.40680659767101,34.04788480588885,-84.37681482145717,67.16590407270593,2.0220205135946427
34.0334438531461,-84.40548749226325,34.048231736300785,-84.37712009883771,67.16590407270593,2.043746343727443
34.03358090895666,-84.40659631134304,34.048781324253625,-84.37671506701898,67.16590407270593,2.028736179208645
34.05446117167096,-84.32649762406588,33.81108883884386,-84.37819433091357,104.8577075779846,16.081055612384958
34.05446223265179,-84.32657383578197,33.81160871552921,-84.37689679114423,104.8577075779846,16.03607891204594
34.05329426166819,-84.32506254520824,33.811137626160054,-84.37999751138132,104.8577075779846,16.091382750245465
34.054584368236725,-84.32662437114178,33.81031728731552,-84.37631290975642,104.8577075779846,16.12028526514089
34.0557535932446,-84.3253220193587,33.810101765609346,-84.37851028009958,104.8577075779846,16.150860966468215
34.05391101643063,-84.32504470812442,33.8114626782754,-84.37981599491462,104.8577075779846,16.06777761474866
34.05304933163337,-84.32634082009547,33.81085100927442,-84.37813618031888,104.8577075779846,16.09688236132428
34.05460474894317,-84.32583289700987,33.81128188032248,-84.37986119583162,104.8577075779846,16.08047501777316
34.054934766095556,-84.32639342661726,33.81104959658935,-84.37617642846153,104.8577075779846,16.06923316136624
34.054612051624524,-84.32592624991082,33.810330910432114,-84.37941732136439,104.8577075779846,16.142024832276004
34.05451773988252,-84.32520771258476,33.810773259717045,-84.37897827740333,104.8577075779846,16.108475770179666
34.05387728210182,-84.32595583068293,33.81090125629245,-84.37825826399991,104.8577075779846,16.094349740138295
34.02594396544382,-84.34024278730854,34.075821737616444,-84.29766772912187,57.306379059044055,3.435797912190604
34.02635258337641,-84.33965615606702,34.07435281046267,-84.29487317536726,57.306379059044055,3.4919830199314
34.02692583205849,-84.3367549823266,34.07560814006056,-84.29687369083848,57.306379059044055,3.460049231266384
34.02633154796572,-84.33870816270631,34.07489049686453,-84.29670820140568,57.306379059044055,3.434809058889824
34.02653924105615,-84.34040996010339,34.0757264560673,-84.29521115356482,57.306379059044055,3.53752452435538
34.02636628629499,-84.33968742692147,34.07472705134735,-84.29666848392043,57.306379059044055,3.4292265154753188
34.02649995377764,-84.33644176811464,34.07503023660602,-84.29716975453599,57.306379059044055,3.4210546254590035
34.025960760878114,-84.33850435043684,34.07382428212879,-84.29708946124919,57.306379059044055,3.370656267632429
34.02650561370535,-84.33916740339897,34.074524462784204,-84.29675201483653,57.306379059044055,3.4165354697970396
34.02531855781154,-84.33840139318859,34.07622294673793,-84.29715816928935,57.306379059044055,3.476020085123265
34.0262028984188,-84.33809405484047,34.07393464680995,-84.29559708379972,57.306379059044055,3.4415790328722715
34.02652600285284,-84.3373641085315,34.075860023365415,-84.2974601276314,57.306379059044055,3.4464188844890358
34.027998060987386,-84.33890544346615,34.07459267995255,-84.29719322261167,57.306379059044055,3.400328790426183
34.02701021569557,-84.3367523587617,34.07452670702992,-84.29617839139121,57.306379059044055,3.441799578804306
34.02597997951507,-84.33871167049286,34.07498593695837,-84.29698386440597,57.306379059044055,3.427112817154004
34.02572988848203,-84.33796777108799,34.07555690059721,-84.296147840111,57.306379059044055,3.489124529784791
34.026518429959864,-84.33955298083181,34.075099980795066,-84.29557069815684,57.306379059044055,3.4938968444418776
34.027825604858215,-84.33944538963092,34.0743960294047,-84.2970592490231,57.306379059044055,3.3973722375656292
34.02582564843593,-84.33816429180199,34.07360289462774,-84.29627722052948,57.306379059044055,3.3968857571543194
34.0255140355683,-84.33837671724423,34.0742582277361,-84.29810863240726,57.306379059044055,3.34550944927164
34.02617091221726,-84.33826270008795,34.07566154902713,-84.29629313075422,57.306379059044055,3.487547337137632
34.02737373897946,-84.33688904212708,34.07447207457334,-84.29657115667013,57.306379059044055,3.4221275142877747
34.026688155393884,-84.33906742623897,34.074719023569315,-84.29631127524368,57.306379059044055,3.4444956355812466
34.02656222294004,-84.33728169503578,34.07444271076992,-84.29585388120783,57.306379059044055,3.4523954487965702
34.026507161959884,-84.33635897663301,34.074184860454125,-84.29674966743526,57.306379059044055,3.401552046270785
34.026342896514386,-84.33893813926626,34.07481189322014,-84.29716435459963,57.306379059044055,3.4114375845122864
34.02632234624499,-84.33862979554748,34.07453852828288,-84.29602370967427,57.306379059044055,3.449129550093903
34.02729477213547,-84.3377836409744,34.07400237454864,-84.2949373535866,57.306379059044055,3.473964234665468
34.027795479989884,-84.33699396216937,34.07297628178505,-84.29639191360012,57.306379059044055,3.364636219840376
34.0249652196277,-84.3384046198647,34.07413642703026,-84.29638150607084,57.306379059044055,3.4156261544093285
34.02507889039126,-84.33882377780427,34.07574035425073,-84.29653429902243,57.306379059044055,3.480692760973829
34.026020935675,-84.3392661821834,34.074220268939335,-84.29628516742355,57.306379059044055,3.4235690460614316
34.02548864681808,-84.3380864655105,34.0746696621477,-84.29671820607268,57.306379059044055,3.4244911429390417
34.026649265228556,-84.33872290386357,34.07367066365883,-84.29782394476861,57.306379059044055,3.331589355839942
34.02551000156236,-84.33841265105553,34.073889421121734,-84.29516579412082,57.306379059044055,3.458872384498996
34.02754609476635,-84.33938383873262,34.074700138318455,-84.29644651258874,57.306379059044055,3.4377319307681358
34.026435805989784,-84.33828786493953,34.073379182790795,-84.29813004171541,57.306379059044055,3.305215352657512
34.026542803258685,-84.33895475857202,34.075765751177265,-84.29541687905879,57.306379059044055,3.5303040076128576
34.026451511095125,-84.3383771555378,34.07468586456714,-84.29683925552979,57.306379059044055,3.4199307648713746
34.026398882464306,-84.33780626627085,34.07367777250453,-84.29566683469402,57.306379059044055,3.4273362844625264
34.026445540265634,-84.33798400359642,34.075999494064064,-84.29614855580306,57.306379059044055,3.509104304082387
34.02671201776781,-84.33836676610242,34.07521397076553,-84.29728899517046,57.306379059044055,3.4242267648530267
34.02649066065869,-84.33797927505772,34.075313335158555,-84.29820758784052,57.306379059044055,3.3893459104547303
34.02674470995587,-84.33680422477188,34.074396619296444,-84.29744961262746,57.306379059044055,3.3803691666924687
34.02780801245248,-84.32968716128522,34.042265980654406,-84.3400024738533,129.2716816807817,0.12562725112149287
34.0292670578443,-84.32965584132218,34.041929243573485,-84.33990062832386,129.2716816807817,0.13586811624301562
34.02785250658219,-84.32977130346822,34.041718417072886,-84.34055271929715,129.2716816807817,0.10662997853248224
34.0279942671236,-84.33140962546732,34.04178495327457,-84.3403010116574,129.2716816807817,0.11755942199836444
33.909076890336486,-83.98055242876774,34.03586435987943,-84.34362040313553,113.32629533826042,0.4625999184974269
34.02383951660856,-83.88635961687119,33.67835403331119,-84.05508630514494,55.80205794758144,30.038045168296925
34.10045003771482,-84.35717695850073,33.849197790092006,-84.34462131647624,59.290212962925864,13.321558314660367
34.060828187580036,-83.90003239034533,34.0793065364282,-83.87915381790324,53.39221398402573,26.682120770267826
34.05941935026618,-83.90065802405776,34.078512587773496,-83.8813611015384,53.39221398402573,26.551025748955055
34.05929742300667,-83.90050672378354,34.07829564059284,-83.87927054750715,53.39221398402573,26.669070225461095
34.05937610593577,-83.90114969009129,34.078128056114075,-83.8807442203653,53.39221398402573,26.58385366673684
34.05866349625469,-83.90079544489294,34.07759683307832,-83.8793257300575,53.39221398402573,26.661609618759368
34.0583502612148,-83.89931200801037,34.0784997975789,-83.87757768091335,53.39221398402573,26.767034941114314
34.051775975315216,-84.31847026653504,34.07019321105404,-84.29659068737855,131.828692872077,3.2390280545053622
34.05044385755634,-84.3177259055062,34.06964988338643,-84.29605921617781,131.828692872077,3.24191712065625
34.05215426401413,-84.31646056233836,34.070323273662225,-84.2951926188584,131.828692872077,3.309315709905658
34.05259829526282,-84.3173869625422,34.070212214510235,-84.29653015117417,131.828692872077,3.242604731539941
34.05043562772504,-84.31786281510837,34.07090327654454,-84.29692863298084,131.828692872077,3.252639319099086
34.051302704667805,-84.31751309037023,34.07036295781223,-84.29657015709095,131.828692872077,3.24689130803867
34.05132508750254,-84.31586519876721,34.07077836662031,-84.29646064110787,131.828692872077,3.2689606709035948
34.051255134711056,-84.31705960420223,34.070925316283045,-84.29713655532713,131.828692872077,3.244045895105693
34.05049617132612,-84.31706067595564,34.07095693350162,-84.29740937620008,131.828692872077,3.2329163370835237
34.05160508423876,-84.3168989403771,34.070676561492384,-84.29762028146081,131.828692872077,3.211580739976617
34.05287128135235,-84.31831055511137,34.07164514589429,-84.2975345146469,131.828692872077,3.2562875068756
34.050345479092684,-84.31756361715185,34.07009230938111,-84.29742374138674,131.828692872077,3.1964193696742917
34.05122449843348,-84.31749410726924,34.07057501010591,-84.29839638566708,131.828692872077,3.171979706227341
34.05257707971879,-84.31760803577073,34.070664637701945,-84.29656732618702,131.828692872077,3.259373805583849
34.05212595583973,-84.31703619610707,34.071156108576496,-84.29580120488738,131.828692872077,3.3148486447695324
34.052389796850676,-84.31769063201288,34.07151582182116,-84.29757163446982,131.828692872077,3.249114289408308
34.05096710865161,-84.31747634010819,34.070490791413164,-84.29674847079023,131.828692872077,3.243890746890875
34.051510186622714,-84.31824125387487,34.0715342478977,-84.29588676045859,131.828692872077,3.3265369788431722
34.05128836971185,-84.31728581133292,34.07026539115492,-84.29644407190571,131.828692872077,3.248753580914924
34.05119641134263,-84.3182160062254,34.069130631812754,-84.29532798137087,131.828692872077,3.2559148762881325
34.05078563138534,-84.31783429491854,34.07072532834961,-84.296989094891,131.828692872077,3.242492099259045
34.05121546321394,-84.31748774198626,34.07133571666245,-84.2979130352308,131.828692872077,3.2260428923547697
34.05123048267973,-84.31759392237167,34.07063900935099,-84.29671006739348,131.828692872077,3.2517489574610967
34.052014024944185,-84.31939005804527,34.06909120987849,-84.29628788150251,131.828692872077,3.2090542129938378
34.05144374421274,-84.31838311021488,34.070757969741194,-84.2965434361583,131.828692872077,3.264311479841876
34.05004633674046,-84.31883223809744,34.070945198575586,-84.29670792029985,131.828692872077,3.264489162876941
34.05162026381514,-84.31791405346279,34.07190256061893,-84.29781967851133,131.828692872077,3.254464377661753
34.05135107105084,-84.31765250037456,34.06948425009441,-84.29544909207497,131.828692872077,3.26402027820167
34.05090274506934,-84.3185516507271,34.06928682945405,-84.29736872419107,131.828692872077,3.1662354874789873
34.08284852105704,-84.17440441901614,34.154000443694535,-84.17943993252317,63.40086455429873,12.090022186643958
34.08957494605536,-84.55308416570047,34.04459402846779,-84.32685002859715,74.99144928983381,0.8916120171052492
34.091011703690235,-84.55228429005055,34.04417875613808,-84.32548243746027,74.99144928983381,0.9651863810012792
34.0894794233387,-84.55463505096684,34.04374593203593,-84.32572566805158,74.99144928983381,0.9481036155226685
34.089416903448836,-84.55264206802104,34.04365303457182,-84.32331806120891,74.99144928983381,1.0852211350520649
34.08919103168092,-84.55110109462902,34.043038229847966,-84.32685363921067,74.99144928983381,0.8801656921814607
34.089432592212376,-84.5516255273036,34.04302962574278,-84.32579534812926,74.99144928983381,0.9408054422840495
34.09082285797964,-84.55175882692612,34.04565567111056,-84.32581898812215,74.99144928983381,0.9640107157930178
34.09058656072395,-84.553120071404,34.04445166835883,-84.32533661228686,74.99144928983381,0.9759467864298937
34.174439957084964,-84.52678550275394,34.05864229336961,-84.32114792885618,57.54780833326513,1.6427347727226287
34.17413224835372,-84.52677436282382,34.05908822370383,-84.32180052908637,57.54780833326513,1.6367951225025756
34.174365578356536,-84.52538518810091,34.06012598168636,-84.32168792700752,57.54780833326513,1.6921052741081444
34.17458968298246,-84.52622073873658,34.06047030443401,-84.32042488900697,57.54780833326513,1.7598753753481422
34.17444370856053,-84.52690546444798,34.05983337836098,-84.32110009352738,57.54780833326513,1.7014606759641961
34.175141466536594,-84.52589374799321,34.05919892736094,-84.3220464785664,57.54780833326513,1.6321281733010404
34.17326628953219,-84.5251891496201,34.059294199963524,-84.32119384546132,57.54780833326513,1.67165134343761
34.17448335717852,-84.52781785807697,34.06024679544832,-84.3205908532151,57.54780833326513,1.742267878485804
33.995308934908785,-84.34575644132559,33.950896121233825,-84.33403892624557,78.7782368628774,6.328755957550691
33.9951400369728,-84.34498789205266,33.95092679237221,-84.33436700647933,78.7782368628774,6.325284592986498
33.99629772715004,-84.34596266764473,33.94929363798378,-84.33413230100086,78.7782368628774,6.438521771188785
33.99649008584734,-84.34382614359208,33.950054735495016,-84.33317649558377,78.7782368628774,6.390403630281939
33.996801946406045,-84.34581121380194,33.9501101756631,-84.33410871874852,78.7782368628774,6.382487486329486
33.996263646809325,-84.34465147078737,33.95005437887923,-84.33413771330807,78.7782368628774,6.386202533986099
33.994781109065954,-84.3465907576543,33.94962513318341,-84.3329923038155,78.7782368628774,6.420776685560909
33.99396749878125,-84.34621359618224,33.95165480398038,-84.33483093557165,78.7782368628774,6.273387707827261
33.99497314304384,-84.34741309212556,33.951811933667585,-84.33439346963272,78.7782368628774,6.264323910875794
33.99550115605564,-84.34598799609216,33.94967296952957,-84.3324391691178,78.7782368628774,6.420178200171248
33.99422642177501,-84.34642938131115,33.948818476431825,-84.3330103321294,78.7782368628774,6.476103969114044
33.995833514241696,-84.34507899147155,33.95070156081657,-84.3337285316496,78.7782368628774,6.343466992763468
33.9944108473804,-84.34552139650762,33.95062240984145,-84.33354383950639,78.7782368628774,6.349725312986005
33.99573464754512,-84.34407551977452,33.950700910442485,-84.33493721757628,78.7782368628774,6.338583144545883
33.996638564534194,-84.34475113523051,33.951222169970784,-84.33359834891222,78.7782368628774,6.3082695356065726
33.995617798924535,-84.34556732594571,33.948778576078055,-84.33384708012966,78.7782368628774,6.47511959504006
33.99558533681856,-84.34551213319091,33.95044946796347,-84.33154322975065,78.7782368628774,6.371586813845905
33.99463322182262,-84.3451273198473,33.949755570057896,-84.33257913692353,78.7782368628774,6.413811326817538
33.996562395593514,-84.34390114972811,33.95117039375516,-84.33449877421519,78.7782368628774,6.308003870996814
33.994568339016915,-84.3452805241554,33.950694430041665,-84.33378543335118,78.7782368628774,6.34370808811842
33.995389668684986,-84.34486292970783,33.95007101579232,-84.33282658613345,78.7782368628774,6.390941312280277
33.99588209811895,-84.34749919631243,33.94979369510448,-84.33222091131,78.7782368628774,6.412993737841906
33.99651099283976,-84.34543635874576,33.94945327363985,-84.33287728353909,78.7782368628774,6.433126629006401
33.995544836516316,-84.34534883798702,33.951860823302944,-84.33283091432256,78.7782368628774,6.268004533116099
34.07221335625833,-84.32885015253954,34.01231017937111,-84.33816761222478,136.20335892305752,2.09130044873915
34.073729465355015,-84.32876234293987,34.01355082498018,-84.33710479946762,136.20335892305752,2.0142399445925094
34.0740845682329,-84.32850954445571,34.01263585196076,-84.339030579212,136.20335892305752,2.0640690327968265
33.877112200525815,-84.46394656968343,33.965113362371376,-84.5578094726065,177.62950577799657,13.477218568267391
34.041820537434035,-84.37470942072831,34.02592502989659,-84.36242558675967,62.29825873289945,1.6278488518979486
34.04603332148944,-84.37331621506614,34.047679567893624,-84.35875967185584,57.855832840660945,1.0169003961879657
34.04714289541978,-84.37407697803803,34.048884197009905,-84.35754279688486,57.855832840660945,0.9862312805378228
34.04494560029854,-84.37220545761072,34.04865783314775,-84.36029761354992,57.855832840660945,1.1237165919841101
34.047529693529704,-84.37348966386992,34.0485094922489,-84.36080633333944,57.855832840660945,1.1470215899880798
34.04567526413514,-84.37294497474883,34.04857903391497,-84.35995325643339,57.855832840660945,1.1033797968230734
34.046987772030896,-84.37093089121507,34.04950395511653,-84.35774404892409,57.855832840660945,1.0162400531696136
34.04609092285834,-84.37134031608169,34.04855605543925,-84.35909696969236,57.855832840660945,1.057508255111677
34.046030296249924,-84.3727905221841,34.04851808180992,-84.35884365342726,57.855832840660945,1.0431345943526737
34.04699470051521,-84.37245543785284,34.04854976671192,-84.35940443037308,57.855832840660945,1.073553973758923
34.04465532306771,-84.37334235876627,34.04924348772896,-84.35889488640966,57.855832840660945,1.066747876105797
34.045357144552185,-84.3717508094332,34.048556271124895,-84.3590965681041,57.855832840660945,1.0574930038161552
34.04602807093345,-84.37272975828483,34.04835235642956,-84.35977614173238,57.855832840660945,1.0880757525840148
34.04531888601245,-84.37239855410871,34.04916306391931,-84.35842724718668,57.855832840660945,1.0402207811192818
34.045078712592286,-84.37316911579492,34.04941578945171,-84.35941044007023,57.855832840660945,1.0985427596860704
34.044949689980974,-84.37436312316878,34.04836622381569,-84.35851147527524,57.855832840660945,1.0214835937536062
34.044785196754106,-84.37345886070443,34.050165114537855,-84.3593151356156,57.855832840660945,1.1172011747867032
34.04618306522107,-84.37258084918946,34.0484401444233,-84.36060128334333,57.855832840660945,1.1343247574307957
34.04639765339691,-84.37356340414951,34.04964211727897,-84.36028018761735,57.855832840660945,1.15027779591252
34.044873608602366,-84.37335058706276,34.04736594096729,-84.35754327324588,57.855832840660945,0.9439849743591242
34.0470165980665,-84.37318955140304,34.047985289947626,-84.36109020603928,57.855832840660945,1.1497651611401847
34.046878350217064,-84.37231731381647,34.048280577868645,-84.35759263818564,57.855832840660945,0.9708965242448824
34.04663287425754,-84.37081288544786,34.04834482918069,-84.35959942557174,57.855832840660945,1.0784791408161494
34.04619765559117,-84.37280809764741,34.049517935654556,-84.35744039241547,57.855832840660945,1.0014314005057217
34.04756153528869,-84.37226141997871,34.04787463119165,-84.35870484978092,57.855832840660945,1.0187979759271826
34.047424200462565,-84.37299770616224,34.047647097799356,-84.35842346960992,57.855832840660945,0.9980751818838728
34.04600369548855,-84.37378852285491,34.049843140074714,-84.36001375537509,57.855832840660945,1.1425904054287486
34.04723058982504,-84.37168760647289,34.04824676910075,-84.3587889426412,57.855832840660945,1.0329052452652616
34.04750449059645,-84.37323994430086,34.04896209479412,-84.3587020739931,57.855832840660945,1.0483880897920324
34.045739047064785,-84.37266026839455,34.04929046349367,-84.3584689711446,57.855832840660945,1.0462831568492208
34.04606149339417,-84.37264570231562,34.048565187609945,-84.3603872747939,57.855832840660945,1.1260792364706218
34.04536791950962,-84.37181954538437,34.04686648351404,-84.3588033042188,57.855832840660945,1.0008713045174693
34.04609119784219,-84.37277858361632,34.04821287304353,-84.35925060317456,57.855832840660945,1.0565159483481612
34.04682056881813,-84.37217291090093,34.04853511751288,-84.35844911811947,57.855832840660945,1.022905183459489
34.046594217306044,-84.37077232182152,34.04962866310471,-84.35984080514967,57.855832840660945,1.1271625376658037
34.046113132934465,-84.37333857236817,34.04936038223723,-84.35883012380529,57.855832840660945,1.0669706385675288
34.04491621963834,-84.37213019278067,34.04796432873473,-84.35938157906986,57.855832840660945,1.0572291473730564
34.04597037134699,-84.37162718209972,34.04750710317261,-84.35899914682491,57.855832840660945,1.025680733695207
34.04622810261555,-84.37286365704847,34.049122628014814,-84.35938451146586,57.855832840660945,1.0885384035790153
34.04653271075157,-84.37163379399675,34.048000231048206,-84.35996873605303,57.855832840660945,1.0896102848052782
34.04720503351714,-84.37177879684408,34.047302912637306,-84.36011576373652,57.855832840660945,1.0817611827859155
34.046025169678494,-84.37228325926515,34.048175961856344,-84.35913583231542,57.855832840660945,1.0494576856978337
34.04563923216716,-84.37070728214913,34.048007932997585,-84.36067937008458,57.855832840660945,1.1280743377385067
34.046775589487034,-84.37396559042975,34.04825119691599,-84.36037792705866,57.855832840660945,1.117683517492176
34.04612144670607,-84.37322190348324,34.04799906656839,-84.35836655422531,57.855832840660945,1.0039832737139152
34.04563748813627,-84.37159912233795,34.04921910480854,-84.35918695013258,57.855832840660945,1.0811143096320894
34.046269979384796,-84.37286460620928,34.04871129817628,-84.35914589761293,57.855832840660945,1.0643656586345485
34.047480845312,-84.37365293120146,34.04811663424008,-84.35982339034345,57.855832840660945,1.0846556820819973
34.045775353738286,-84.37125438772149,34.04817051198663,-84.35915915485981,57.855832840660945,1.0505577750658404
34.04588236088383,-84.37288909497038,34.049546213334885,-84.35966160596696,57.855832840660945,1.1154314183052583
34.04590832871152,-84.37235708555559,34.049099338834566,-84.35818654564663,57.855832840660945,1.025898130894356
34.0476650734969,-84.37303959267169,34.04855705273503,-84.35924141908659,57.855832840660945,1.0651477308804087
34.045565249737386,-84.37342500966054,34.050035778153266,-84.35936484534807,57.855832840660945,1.1155164868524823
34.04485611319973,-84.37361607771793,34.05031283160297,-84.3592443538713,57.855832840660945,1.1185143517371736
34.04624268005636,-84.37293017410597,34.047826794858636,-84.36021318717243,57.855832840660945,1.0986844079324993
34.04745224558066,-84.372197265891,34.04841854276934,-84.35941336321217,57.855832840660945,1.070528824477719
34.047186590026435,-84.37142384288346,34.048509152680374,-84.35929336316303,57.855832840660945,1.066594584837433
34.04605744480651,-84.37467402436455,34.04878202980975,-84.36014488605181,57.855832840660945,1.1189159231746764
34.046035791087064,-84.3727882817615,34.04840816236279,-84.35932018540979,57.855832840660945,1.0653175525319463
34.04537956914902,-84.37474679511725,34.04858854671402,-84.35885078103992,57.855832840660945,1.0454594358812568
34.04645973222742,-84.37080608086265,34.04796822070497,-84.35937854619708,57.855832840660945,1.0571628416449657
34.04610321976527,-84.37280199187411,34.048806431060534,-84.35992001707875,57.855832840660945,1.1077035559363415
34.04495677502206,-84.372793500082,34.04752926665616,-84.35861650789447,57.855832840660945,1.0055802173853146
34.045885697077146,-84.37344563446483,34.04809121679629,-84.36022249810595,57.855832840660945,1.1054435537704261
34.04635253916278,-84.37391289549964,34.04853188192507,-84.35910594206753,57.855832840660945,1.0573211881794466
34.04613687910749,-84.37286964494156,34.04842737084491,-84.36118865055003,57.855832840660945,1.165481093969596
34.047116942531176,-84.37369597209033,34.049010217095486,-84.36015744618884,57.855832840660945,1.1257854928880329
34.04604437249167,-84.37342095457402,34.04762800873669,-84.35954384870797,57.855832840660945,1.057911387697571
33.86685345419598,-84.7961949998498,33.893569753417545,-84.83220707443905,116.68607512932924,29.95362038684135
33.49411637764111,-84.37445287388705,33.925225970062435,-84.5369112475905,133.9874500688364,13.79523581045174
33.494452040998944,-84.37306246414668,33.92478424200647,-84.53356432168776,133.9874500688364,13.658033907470024
33.49386444598678,-84.37510306904107,33.92339036256578,-84.53636655018377,133.9874500688364,13.844620821052033
33.49491187745879,-84.37378498268066,33.92489656499058,-84.53693392253501,133.9874500688364,13.80961865413765
33.49342884624421,-84.37440375818728,33.92477092399099,-84.53387285470563,133.9874500688364,13.672835760732513
34.12360917828441,-84.40284569016664,34.05189129035724,-84.52452779585165,61.82707153091592,10.48215143228067
34.01712964487979,-84.360548588965,33.90758733529525,-84.34923684667245,73.87103778265308,9.305291520968456
34.04846035397308,-84.44575330613766,33.948291528564006,-84.5393585083144,102.01892948403992,13.048765013839219
34.04655363726729,-84.34898435151263,33.77664339032897,-84.38875319346054,107.0868503542552,18.515864154891613
34.04920984633959,-84.35138947226716,33.77603204956236,-84.38932146817281,107.0868503542552,18.562296521158384
34.04978511471841,-84.35023172256564,33.776923062528134,-84.39055991756328,107.0868503542552,18.51209906323043
34.0484487590404,-84.3513111228293,33.77716631113085,-84.39017906368036,107.0868503542552,18.492246472365647
34.043707741965015,-84.22166578829537,34.044529256019246,-84.32430274227,66.35916961428288,1.035434172208075
34.043612060403795,-84.22099306073592,34.045295844107265,-84.32620870873436,66.35916961428288,0.9367817995086322
34.04548682426437,-84.21846558731505,34.0458864229536,-84.3265262647171,66.35916961428288,0.9284517458728865
34.0462139049458,-84.22073533299094,34.04551019931723,-84.32356243048116,66.35916961428288,1.0884985508088414
34.04578837341846,-84.22041331529735,34.043902093715076,-84.3247370711437,66.35916961428288,1.0055940895343913
34.04473112428836,-84.22246273861593,34.045618388694436,-84.32441921924134,66.35916961428288,1.0418317168120566
34.04296923866446,-84.22015737720795,34.04539360926974,-84.32522380285113,66.35916961428288,0.9934696240280254
34.04464504544818,-84.2192337634815,34.045768022423076,-84.3242471752848,66.35916961428288,1.053665383436637
34.04507631857482,-84.2197115746984,34.04621779508306,-84.32406657654691,66.35916961428288,1.070839593286817
34.045147478033705,-84.22083367517406,34.04444575412043,-84.32493391694487,66.35916961428288,0.9987734947674788
34.04372047218095,-84.22051268900864,34.04527112084055,-84.32537707801187,66.35916961428288,0.983166816212149
34.045737369242076,-84.22134139803754,34.04536722090285,-84.32594029541032,66.35916961428288,0.9528697455820544
34.04406584665357,-84.22220997758652,34.0455501463623,-84.32550621541579,66.35916961428288,0.9798904335506935
34.045137125403684,-84.2206301362249,34.04601726990573,-84.3260030422508,66.35916961428288,0.9597777689607048
34.04501506573581,-84.21992580564849,34.04685232013679,-84.3265236914961,66.35916961428288,0.9476726931634172
34.044770096877244,-84.2204130011308,34.04399770091336,-84.3256940096783,66.35916961428288,0.951676933935942
34.04437062862,-84.22057707815743,34.04476126975762,-84.32670563473422,66.35916961428288,0.9017333514622431
34.044670006901974,-84.21902952066579,34.045776791634076,-84.3259195191274,66.35916961428288,0.9603430206834296
34.0445522651339,-84.21910032058342,34.04632994323946,-84.32636177915387,66.35916961428288,0.9457263512573686
34.044638824809994,-84.22052850642045,34.045734064474956,-84.32531989789548,66.35916961428288,0.9931244826814642
34.04420886102566,-84.22154714016733,34.04520781568149,-84.32560706784348,66.35916961428288,0.9693726465552323
34.04533087205562,-84.22118896996257,34.04507310957076,-84.32697049738428,66.35916961428288,0.8908567729886665
34.04539221691917,-84.21950865559599,34.04653197195923,-84.32662675436508,66.35916961428288,0.9352227240416894
34.04496786695043,-84.22058043210868,34.04558349219303,-84.32402064140572,66.35916961428288,1.0637208042183222
34.04636172692627,-84.21950590388703,34.045569334951686,-84.32562300699688,66.35916961428288,0.9736393309602631
34.04482722087392,-84.21981006786243,34.04552715850424,-84.32525763485766,66.35916961428288,0.9934811049734721
34.06639710832332,-84.29964684497456,34.064356525519685,-84.39187808179533,49.663777606011784,3.2257674644643557
34.12984796351697,-84.41745321743075,34.05952826969568,-84.38015585819527,66.1410876249921,2.4758514103974996
34.131404276717966,-84.4182597140557,34.060500194197765,-84.38015544141416,66.1410876249921,2.5083287104501393
34.13061682436562,-84.41775479991108,34.059242589434064,-84.38019688356118,66.1410876249921,2.468643058479135
34.093237713606854,-84.2321244312704,33.85229583226755,-84.36208212471603,88.13444503475044,13.157061273412829
34.05968863662042,-84.64702224919586,33.95332914281524,-84.23875577146445,68.1837961453733,8.543764785297105
34.060768909829214,-84.64584380833294,33.9553830188447,-84.23895006443493,68.1837961453733,8.43465240825557
34.05899913367818,-84.64578471271614,33.95396384477904,-84.24001328037293,68.1837961453733,8.462154434382482
34.0587586759824,-84.64816250333287,33.95579722898293,-84.23968693563258,68.1837961453733,8.384613431284258
34.06027292190242,-84.6467868676236,33.9542525615139,-84.23850871195289,68.1837961453733,8.508005159442892
34.059694629019326,-84.64585444114981,33.95478137379747,-84.23938783835582,68.1837961453733,8.446650532890587
34.058611438181195,-84.64440452303496,33.95332304602139,-84.23989770534148,68.1837961453733,8.498644919138082
34.058958904784724,-84.6465889974825,33.95423398017149,-84.23944427538302,68.1837961453733,8.471443975122444
34.05939717045579,-84.64723918562582,33.95413512190119,-84.23756785441196,68.1837961453733,8.551636511907613
34.060038323861804,-84.64599269377189,33.95546859262302,-84.24037603385592,68.1837961453733,8.37311638616582
34.05946560260542,-84.64472368473041,33.95434206941967,-84.2388293521395,68.1837961453733,8.490723416196687
34.05921825000717,-84.64603432498222,33.9537411898805,-84.23824513213631,68.1837961453733,8.543800763532543
34.18556145785422,-84.51696829156758,34.19022642382947,-84.53793990279588,53.5764542656959,15.154589717441171
34.31155688031184,-83.97772702734444,34.045289172864074,-84.3416419670438,60.341216482110845,0.19687986561994375
33.97153075086085,-84.37201247126605,34.04645370554367,-84.36180375834208,115.91640880888468,1.1590330521888186
33.97068406786528,-84.37217845482458,34.044944815005096,-84.36204445779511,115.91640880888468,1.152538871093631
33.971136331202004,-84.37233274025328,34.04611598523365,-84.36310946206724,115.91640880888468,1.2269626657648423
33.970081439227535,-84.37332482606327,34.045197153682395,-84.36187022242922,115.91640880888468,1.145379256076411
33.97076076868352,-84.37145098369287,34.04606431456109,-84.3621263772667,115.91640880888468,1.1710532350443132
33.97222828261421,-84.371272675158,34.04591087547481,-84.36206029335469,115.91640880888468,1.1651489411459552
33.97235352981416,-84.37122091150582,34.044223666593865,-84.36164710147332,115.91640880888468,1.1235667890584895
34.043535384198755,-84.3655244558925,33.78672551282568,-84.38768362144688,60.99109167348485,17.81942389119984
34.04449769445209,-84.36537281619769,33.786606321816905,-84.3890857637432,60.99109167348485,17.839545757705167
34.04317370882351,-84.36382222531984,33.78708698544913,-84.3883938500223,60.99109167348485,17.800822641233232
34.079313057126164,-84.68000330082026,34.083164974621354,-84.27195881358463,71.44714948247827,4.908469703202892
34.041338945357694,-84.37857586567395,33.97213838766981,-84.09279402689873,68.7315458039316,15.113207677403361
34.01129899832397,-84.30089600887912,34.08929930371807,-84.2756011612388,102.51000206213484,5.000323814834864
34.01151937609579,-84.2994133585028,34.089422016283834,-84.27589262756462,102.51000206213484,4.993042627199033
34.05593763118996,-84.35573134783108,33.97953232955414,-84.34767783992831,100.39355375931387,4.349242016455327
34.074018286835766,-84.35242434116206,33.75158665732242,-84.3829502673767,159.31857139000843,20.184829940835076
33.766844720293555,-84.23593491970182,34.04398713363812,-84.31202539989538,748.7693510081274,1.7332355649376587
33.76710521421935,-84.23588789347538,34.04598887548921,-84.31283299960737,748.7693510081274,1.7011126507901209
33.7678679242486,-84.23398324977595,34.04532528889457,-84.31247475415854,748.7693510081274,1.7156157741853004
33.76717901041159,-84.23680430258267,34.04609525774852,-84.31111741909086,748.7693510081274,1.7995957842373682
33.767033487021585,-84.23573424795002,34.04621634820733,-84.31352100407456,748.7693510081274,1.6644107818461722
33.767000761781475,-84.23565681775987,34.045480154023046,-84.31029944608287,748.7693510081274,1.8408278941206453
33.76749965305998,-84.2358479006198,34.04527953421032,-84.31182539539664,748.7693510081274,1.7522809721557109
33.767881616474035,-84.23583874471221,34.04524551267014,-84.31197956292598,748.7693510081274,1.743231296953851
33.76676676177389,-84.23593869177296,34.04553533316321,-84.31200108864753,748.7693510081274,1.7443091607186259
33.766511271705006,-84.23545627662223,34.04551381233329,-84.31321555536196,748.7693510081274,1.674977076013272
33.76670255902146,-84.2357393152744,34.044723509968016,-84.31143201636138,748.7693510081274,1.7709453364148877
33.76843936016399,-84.23599078313777,34.04614238839322,-84.31296191381497,748.7693510081274,1.695338975954821
33.76688469979527,-84.234678781323,34.045495308174516,-84.31199333864012,748.7693510081274,1.744418805162372
33.76670208491386,-84.23529658061707,34.04521933880121,-84.31157140923507,748.7693510081274,1.7663152853363795
33.767024167195906,-84.23575664301788,34.04511245577968,-84.30990542791633,748.7693510081274,1.8606429243600795
33.767263641574786,-84.23725592056775,34.04688795117471,-84.31316255700848,748.7693510081274,1.692441181372226
33.76727559058059,-84.23478960472647,34.046224749765095,-84.31098553973084,748.7693510081274,1.8083444304314151
33.76730707544163,-84.23615552321388,34.04582425478702,-84.31240861206906,748.7693510081274,1.7236586712230204
33.76583411465573,-84.2363622163031,34.044569708387364,-84.31129655355316,748.7693510081274,1.7777941386252207
33.76587297551499,-84.23720535561601,34.045335112494364,-84.31242115403245,748.7693510081274,1.7187484461176608
33.76785976289242,-84.23650093935396,34.04591502041707,-84.31162324748847,748.7693510081274,1.7691503946142693
33.76635089835578,-84.23636369463492,34.0453326069398,-84.31232527242933,748.7693510081274,1.724193587432105
33.76636366208171,-84.23718099388807,34.045056287111976,-84.3134369650839,748.7693510081274,1.6586913995540122
33.768222239151996,-84.23620286078659,34.0448732761967,-84.31162425538777,748.7693510081274,1.76089865802482
33.76665003684873,-84.23764648474707,34.046693440410166,-84.31313244937634,748.7693510081274,1.6917828328240074
33.766404344758406,-84.23520064377874,34.0455076832733,-84.31246043230793,748.7693510081274,1.7179181269852073
33.76720200424167,-84.23595560780775,34.04515341587392,-84.3102727829389,748.7693510081274,1.8399496273089904
33.768346980724694,-84.23559968064788,34.04535728857672,-84.31164044387225,748.7693510081274,1.7634243917375887
33.7676419489335,-84.23527791071704,34.04545531189973,-84.31167173321603,748.7693510081274,1.762416213088612
33.76591462984081,-84.23604527343878,34.044953107382845,-84.31243833830153,748.7693510081274,1.7149431572290925
33.76721312162022,-84.23491614571512,34.0450471962966,-84.31032705146816,748.7693510081274,1.836129578436042
33.76805859073666,-84.23699898163984,34.04455620301334,-84.31035908424273,748.7693510081274,1.8313354253818452
33.76707733392412,-84.23587464197881,34.04596909591222,-84.31017073358903,748.7693510081274,1.852249257624629
33.76607407778414,-84.23717971475925,34.0452630367355,-84.31170803267355,748.7693510081274,1.7588488440922234
34.079199678274605,-84.3148212533988,34.06473028187044,-84.26646277493377,55.47403768496542,4.606800680931069
34.07934255317674,-84.31484993078296,34.06361309592744,-84.26473979645851,55.47403768496542,4.675573386728973
34.07807115478129,-84.31565005915819,34.06536798493373,-84.26419463844219,55.47403768496542,4.744116235271978
34.0792741641087,-84.31547407724872,34.06323586596933,-84.26315702706925,55.47403768496542,4.754052544162393
34.07895849523818,-84.31478402930688,34.06461637498479,-84.26649204092094,55.47403768496542,4.602610413424598
34.07872627323723,-84.31497238785114,34.06448483461084,-84.26574791798596,55.47403768496542,4.639935294042094
34.0786907329835,-84.31344631877282,34.06415789198937,-84.26427270101951,55.47403768496542,4.712805686538495
30.369370368601512,-88.55488867179625,30.38194059087069,-88.5043337577439,101.64061292101024,350.7323947952007
30.37040525687534,-88.55376535247771,30.38304795391118,-88.50186724446331,101.64061292101024,350.5762104073232
34.04209637319818,-84.46024560421306,33.96020554475701,-84.22507709363724,88.4827757140334,8.793982481156226
34.01082655047138,-84.51515645282014,33.92191720031042,-84.18809288205065,90.49824633132754,12.137070577622183
34.922633411324085,-85.11875745249132,34.874474937261596,-82.36260893688792,83.37637634128663,126.73724189763621
34.06450439840503,-84.34756620814603,34.024613204356484,-84.30759665590237,145.51560913234474,2.335008420528405
34.02409857731607,-84.37450066497611,34.06673802139528,-84.17455105447708,56.78451992671327,9.760939871868569
34.02569721309217,-84.37450171485503,34.066595209630094,-84.1747058517759,56.78451992671327,9.750515223094709
34.024421266480566,-84.37554751263274,34.06340062944029,-84.31858962159258,56.722384031078676,1.9781310989901102
34.02474820942761,-84.37600612984738,34.06302057275841,-84.32022481746118,56.722384031078676,1.895521911440789
34.024712671717076,-84.37626882247959,34.062663600952064,-84.32114940611368,56.722384031078676,1.842038696635876
34.02485904712702,-84.37430571177507,34.063108647611614,-84.31927229170356,56.722384031078676,1.936717492022939
34.024642468860385,-84.3755446365928,34.06298989835835,-84.31996698035712,56.722384031078676,1.9038113652600328
34.0822449690223,-84.37082368264868,33.90598360088428,-84.35916794989159,56.256903676800576,9.457446623221319
34.052459342699876,-84.26142207550153,34.01845940162416,-84.36108430544779,64.30341661398955,1.978702532732575
34.052811341084265,-84.26096634574264,34.018097642822966,-84.35833142260219,64.30341661398955,1.918487023187509
34.05276466103486,-84.26089035865853,34.01838486261149,-84.35947552802436,64.30341661398955,1.9340376768884213
34.05276771566853,-84.26100787257828,34.01862051625148,-84.3616280742651,64.30341661398955,1.9867847761136352
34.05216816154844,-84.260544990594,34.01719808395001,-84.35940804330302,64.30341661398955,2.0027695789699167
34.053945110252094,-84.26130512073875,34.018053954296526,-84.35829004522101,64.30341661398955,1.919979564211138
34.05279503035907,-84.2605580335789,34.01865976305499,-84.35870061284349,64.30341661398955,1.8951667075662022
34.05271342361924,-84.26087835020827,34.01959290893999,-84.35908378392858,64.30341661398955,1.8511836122894088
34.054024560669994,-84.26008451387321,34.017544831053044,-84.36120056632937,64.30341661398955,2.035286274811591
34.05254470942157,-84.26037639126075,34.01681657625121,-84.35946969573438,64.30341661398955,2.0274088738203986
34.05365861903263,-84.26248909673131,34.01844825376728,-84.35927748110934,64.30341661398955,1.9244695997100385
34.052630886858886,-84.25932973096488,34.01850629547133,-84.36066288598388,64.30341661398955,1.9628267988035437
34.052954696267555,-84.26081683875748,34.01952334395341,-84.36041997414806,64.30341661398955,1.896488897190687
34.053640756026034,-84.2604206461717,34.01782815116811,-84.35821739126801,64.30341661398955,1.931644633999935
34.05351007449666,-84.26146706763448,34.0186212025638,-84.35957451887234,64.30341661398955,1.9230172607131857
34.053954006456024,-84.26064579132662,34.01790247209737,-84.3601703108916,64.30341661398955,1.9831110668495744
34.05266341904686,-84.26253826740083,34.01796702837976,-84.35976500642425,64.30341661398955,1.9672812810727804
34.0516036019889,-84.26079989517166,34.01937164978643,-84.36032285033274,64.30341661398955,1.9021601717537522
34.05354307475079,-84.26019765805228,34.01785760740947,-84.3595407856542,64.30341661398955,1.9672113232801607
34.052189334527746,-84.26240247730922,34.018921488348184,-84.35815243365997,64.30341661398955,1.8638981618661143
34.051895106133365,-84.26276018939836,34.01750328541589,-84.35876808718528,64.30341661398955,1.9664634651868265
34.052176304217156,-84.26158873805885,34.01691550707512,-84.35909033564857,64.30341661398955,2.0108686660688044
34.05261630094492,-84.2602100499939,34.01735993674201,-84.35889136699319,64.30341661398955,1.9785343923717167
34.05162501737823,-84.26019527901921,34.01767763173134,-84.35963970472213,64.30341661398955,1.9807833258565781
34.05300510331499,-84.26135910013348,34.01852933782413,-84.35958487601702,64.30341661398955,1.928739810650064
34.05402308276783,-84.26160159996085,34.017890496802856,-84.35767188443508,64.30341661398955,1.913120464996312
34.053126947028325,-84.25949109465824,34.01729914115166,-84.35944703776742,64.30341661398955,1.9978239143463972
34.0527942453686,-84.26051677469776,34.01853803929474,-84.35921193431756,64.30341661398955,1.9172279487348536
34.05159477329298,-84.26023639610737,34.0185775894038,-84.35991571963447,64.30341661398955,1.9358101958187015
34.05281786345257,-84.26132387269885,34.018467062636795,-84.35966896948186,64.30341661398955,1.9349118965632461
34.05352044327287,-84.2622633182442,34.01846305903129,-84.35963865967216,64.30341661398955,1.9342462863117396
34.05266117378162,-84.2611232116728,34.01829111649706,-84.35961110549006,64.30341661398955,1.9435792723078973
34.05288280987407,-84.26195842556864,34.0182130462078,-84.35944067997201,64.30341661398955,1.9431912561266729
34.05134543984129,-84.26136766869334,34.01856694651867,-84.35972390476624,64.30341661398955,1.93067123303604
34.051107572954635,-84.2601602617988,34.01925247929827,-84.36109550449515,64.30341661398955,1.9335793926394529
34.053272844324006,-84.25911211622476,34.018113125206156,-84.35849918250608,64.30341661398955,1.922224800183921
34.052740168039044,-84.26086054152313,34.017582640911,-84.35882093575421,64.30341661398955,1.9631527419564931
34.053013129558316,-84.25986249289609,34.0171108086248,-84.35819831718362,64.30341661398955,1.974746022259891
34.05264227127811,-84.26049988234516,34.01805676736475,-84.35966206020524,64.30341661398955,1.9589420806182125
34.030182591756336,-84.34752962900316,34.04132530049356,-84.31937007720337,58.842376209332016,1.3110478979698237
34.03094989208949,-84.34685130379133,34.04072865720308,-84.32131163831244,58.842376209332016,1.203269767198821
34.05837536968489,-84.62891432842808,33.96824883397571,-84.68366807190847,48.246057412392496,20.258531705322827
34.31170942999609,-84.17121170963574,34.34763928834576,-84.05574288853269,38.56027768098485,26.67528999931817
36.17141894285182,-86.74157846620992,35.996419232757745,-86.79416807484618,221.52643525050652,193.5804499229385
34.024733502279,-84.36157317940965,33.99143884288746,-84.34140711384,55.28054332250618,3.517409296654466
34.05515161736715,-84.29931834068566,33.878756850219986,-84.02107641999798,96.8472310258293,21.61953230942435
34.05301397185002,-84.29883002889171,33.87683672351125,-84.02193934920227,96.8472310258293,21.646948317614914
34.05500597139969,-84.29796930494291,33.87970284190723,-84.02150080277632,96.8472310258293,21.564669060571177
34.05342439591376,-84.29938850241082,33.87806843513013,-84.02103604367635,96.8472310258293,21.64637253696259
34.053359490507255,-84.30055445846708,33.878633834331985,-84.02297476547292,96.8472310258293,21.531066007089468
34.054680649729406,-84.29920705907747,33.8782455139051,-84.02072535487193,96.8472310258293,21.65518009097364
34.054848957501164,-84.2996708086476,33.878178632450066,-84.02109381466066,96.8472310258293,21.639560213342268
34.0538220217637,-84.29924608197096,33.878012828773095,-84.02115615823553,96.8472310258293,21.642507117010222
34.055090569495285,-84.29818533176062,33.87912906372598,-84.02133878085135,96.8472310258293,21.593260729854475
34.05406284624053,-84.30073934959198,33.878346490843704,-84.02171991318984,96.8472310258293,21.602850709770202
34.055208500251425,-84.29859331041449,33.87844216582114,-84.02090228400169,96.8472310258293,21.63941577890229
34.05328437841558,-84.30014614457546,33.87830434165848,-84.0218476945993,96.8472310258293,21.59812444426965
34.05549927206782,-84.29958192920141,33.87963415101818,-84.0215595268271,96.8472310258293,21.564258736405133
34.05429576203603,-84.29916188615148,33.877861957049284,-84.02110289310797,96.8472310258293,21.650574168544203
34.05211661196441,-84.29998736946182,33.87763154784682,-84.01995156821033,96.8472310258293,21.715244602254376
34.0527559376425,-84.2976660967278,33.87863741269405,-84.02137442557084,96.8472310258293,21.609246517689765
34.052995383908495,-84.30019844641097,33.878286790660894,-84.01981181396825,96.8472310258293,21.69843876871346
34.052873774052635,-84.29757190400086,33.877574346872876,-84.02292437412405,96.8472310258293,21.572008709818427
34.05422899226121,-84.29794775431611,33.87828490016744,-84.0202451237117,96.8472310258293,21.67727719896922
34.054266337197625,-84.29887096796013,33.8777790833308,-84.02236088410767,96.8472310258293,21.592082123858198
34.053797909712046,-84.29922449048155,33.877595872454414,-84.02165387230086,96.8472310258293,21.633281203920028
34.05299442945042,-84.29747092375972,33.87790026179218,-84.02070475960923,96.8472310258293,21.66866670201866
34.05283865152621,-84.30061806059285,33.87672286290455,-84.02151318319227,96.8472310258293,21.671893620214117
34.05345798930894,-84.2970769143039,33.87818129929962,-84.02135950020602,96.8472310258293,21.62646218819448
34.05444270718337,-84.29963541918995,33.87825402190886,-84.0219557027216,96.8472310258293,21.594663061155398
34.052770837133835,-84.29749224964876,33.87870990236543,-84.01915868165003,96.8472310258293,21.715242556952216
34.05464671651716,-84.30102312245668,33.87765484205588,-84.02308958872436,96.8472310258293,21.561013539416514
34.05440119746231,-84.30063733586408,33.87787294932238,-84.02301491130316,96.8472310258293,21.55672435140277
34.05524392432045,-84.30007475538882,33.87834755844036,-84.0207912924285,96.8472310258293,21.64826652351314
34.05234108629794,-84.3000532957435,33.87716671781925,-84.02229293746362,96.8472310258293,21.617671581966647
34.05315552345477,-84.30041229431642,33.87707631075782,-84.02157554821433,96.8472310258293,21.655984761817095
34.05384978887643,-84.29964415953884,33.87804425866643,-84.02079372548627,96.8472310258293,21.65910559594576
34.05369687289697,-84.29919450855482,33.87647789137637,-84.02144002267019,96.8472310258293,21.684389985979365
34.05380630526592,-84.29937275601445,33.879033510500754,-84.02053214973854,96.8472310258293,21.63624269780235
34.05331594915618,-84.30042359271452,33.879398403752184,-84.02028630308448,96.8472310258293,21.635189562404047
34.05426241554551,-84.29724710888276,33.877920984562564,-84.01984672463124,96.8472310258293,21.709921919321967
34.053710663100524,-84.29919131801455,33.8785906723337,-84.01907591131086,96.8472310258293,21.723586375574232
34.053141793066395,-84.54562648015265,34.03605413728197,-84.31820392742183,94.08598156839425,1.4449171217982657
29.37967711434442,-82.44714975297401,30.295566714286128,-81.6056296339287,90.79977442716137,303.9006197063488
29.379790107647235,-82.44636850085146,30.295122595611875,-81.60735809073037,90.79977442716137,303.8734106875685
29.37844727839185,-82.44603783109669,30.29621304594321,-81.60453425573479,90.79977442716137,303.8963685063969
29.378540104336672,-82.44723452240912,30.294972252022745,-81.60642721742357,90.79977442716137,303.9110307612721
33.60851547513344,-84.86622275933799,34.05980808462273,-84.32641447395496,51.49707602339181,1.4987853211113789
33.60770280953379,-84.86562648724126,34.05737755022893,-84.32652191942933,51.49707602339181,1.36487918993431
33.607914995562396,-84.86515597487687,34.05998116402069,-84.32418971042368,51.49707602339181,1.5881346992610819
33.60610979126228,-84.86505129881229,34.05971812837073,-84.3238682793617,51.49707602339181,1.58654920222768
33.606844701692665,-84.86614822018515,34.059386567578144,-84.32686467655448,58.767542946496576,1.460036956144356
33.60692583888823,-84.8677402911961,34.05823499174461,-84.32557405053633,58.767542946496576,1.4451628107954821
33.60807439652427,-84.86575524180961,34.05851173885731,-84.32532512765272,58.767542946496576,1.4689205816926458
33.44019046238956,-84.32747251343223,33.51417872978639,-84.21274321271487,100.40200513133176,37.16471601993632
30.10726993562761,-81.77733015298324,29.94983706181694,-81.66595921635106,74.53935998046387,322.7814606764925
36.16119384702429,-86.58402268983401,36.15413742042833,-86.68938706384826,187.4709672593076,197.15382800110368
32.502110464027574,-85.01459795568597,34.00866624269726,-84.58770329527812,63.41137020746958,14.281485859633078
33.854429647535795,-84.54496010924454,34.17894171388185,-84.58041049835595,71.23673851282756,16.583803288178657
33.892876031283635,-84.55390715628755,33.77616989650678,-84.29636024365827,279.22933546204155,18.541934633461217
34.07612343787922,-84.4132193358595,33.903879790599994,-84.36045658144212,61.65094918744807,9.609487187857315
34.1670842278482,-84.36878188595509,34.06413684311607,-84.31431060190057,49.68285996444264,2.1878450388542405
34.16730199819047,-84.36692166496213,34.06466919699406,-84.31696413323955,49.68285996444264,2.105709213767699
34.16715349989806,-84.36873151296537,34.063647528789424,-84.31556437835391,49.68285996444264,2.1124054418736313
34.16749877878125,-84.36792011776467,34.06361515787908,-84.31685778997851,49.68285996444264,2.0578299369510265
34.16789176037967,-84.36848914436385,34.06366335048902,-84.31510698235692,49.68285996444264,2.132196112282237
34.16691817249555,-84.36918121087267,34.06601710749031,-84.31709877375185,49.68285996444264,2.1690206304671102
34.16655345205313,-84.36806977439163,34.06463765863315,-84.31734833449214,49.68285996444264,2.089038811167163
34.16706434105339,-84.36764860248468,34.06477350507322,-84.31532542333036,49.68285996444264,2.176437752753352
34.16708719573673,-84.36873086654727,34.06518281284593,-84.31680401675408,49.68285996444264,2.137814984781272
34.16720049845912,-84.36916064184437,34.06499617281819,-84.31579075359917,49.68285996444264,2.1685853483890534
34.16568727082429,-84.36788084417871,34.064497317106685,-84.31395214773154,49.68285996444264,2.21983441249281
34.166176013335786,-84.37039490849573,34.06481482949154,-84.31638138346727,49.68285996444264,2.136039779254203
34.01915384054884,-84.33406190628168,33.929293247511495,-84.452548355382,57.05465048787131,10.049989027542091
34.01978287579796,-84.33332729585422,33.92996296188527,-84.45175794604197,57.05465048787131,9.98553433280464
34.020373894718674,-84.33408359967285,33.92979894321708,-84.45250572725264,57.05465048787131,10.02140160050113
34.018988709419894,-84.33440598323871,33.93041004846423,-84.45221599518034,57.05465048787131,9.978243924302122
34.01899908510741,-84.33476594006252,33.92870308721692,-84.45253816740733,57.05465048787131,10.081238696373203
34.01927880594974,-84.33367094739836,33.928572035019776,-84.4524147046869,57.05465048787131,10.08381802850949
34.01871127636247,-84.33398477113069,33.929336941367986,-84.45273463725925,57.05465048787131,10.054399501219537
34.01818443776539,-84.33453938043694,33.92917314859589,-84.45288402190216,57.05465048787131,10.068573069280971
34.0191303692992,-84.33339717405173,33.92898322891446,-84.45327488955395,57.05465048787131,10.092900551056816
34.01838651451639,-84.33467647464421,33.92841441933796,-84.45167994413151,57.05465048787131,10.065878195959405
34.01896845766679,-84.33385401194921,33.92861261689764,-84.45365979941398,57.05465048787131,10.126671847282456
34.020153475379495,-84.3331903537281,33.92940350994493,-84.45267191683524,57.05465048787131,10.048566325393237
34.02015701122035,-84.33416910463097,33.930968263846445,-84.4520475940143,57.05465048787131,9.94234350623295
34.01845531558846,-84.33308946239697,33.928637333036214,-84.45253690671906,57.05465048787131,10.084720090408673
34.017777788388216,-84.33372042609345,33.92991585750839,-84.45303467356649,57.05465048787131,10.03439139790771
34.01861729505248,-84.33331995323151,33.928131415674905,-84.45408847422185,57.05465048787131,10.167940818530033
34.01941588153658,-84.3338839013265,33.92837348461291,-84.45145687275311,57.05465048787131,10.060089863713081
34.02017317680942,-84.33546335175875,33.92930431245939,-84.4518318676985,57.05465048787131,10.023507989153414
34.01842859162153,-84.33415037099226,33.93018850260333,-84.45227845574273,57.05465048787131,9.992341188948545
34.01907076127919,-84.33508883189295,33.92897814440365,-84.45435478156094,57.05465048787131,10.132469424168859
34.0196335540418,-84.3331707920455,33.929748795345915,-84.4511459380219,57.05465048787131,9.974930048319672
34.01783508586859,-84.33345937803347,33.92836956188832,-84.4525283534159,57.05465048787131,10.098782835867679
34.01801588401096,-84.33363562187066,33.92947380726886,-84.45434798371673,57.05465048787131,10.10585898142173
34.02000612576568,-84.33376636321437,33.92804525783759,-84.45303870974976,57.05465048787131,10.134583593076389
34.01914243252692,-84.33253088826325,33.92781600856445,-84.45297101882358,57.05465048787131,10.14445184289318
34.06390688004915,-84.35504886100061,34.09930336910425,-84.33656190190948,108.31320481352137,3.9305982395074976
34.137614468913696,-84.49815208246422,33.96867764139525,-84.55326513682313,63.158106662150416,13.140794624896975
34.26706731879724,-84.50582163147466,33.91346091895997,-84.34250976659463,67.55755314961378,8.891656225609509
34.26728353711982,-84.50387567061743,33.915111438072216,-84.34125546268592,67.55755314961378,8.77803717795778
34.268168834046065,-84.50521339750337,33.914564829561435,-84.34093471525672,67.55755314961378,8.815840357402285
33.90303795353671,-84.31349493694736,33.7732123957115,-84.39507353562917,185.66293350977105,18.805172615835474
34.00595477164281,-84.3866219495115,33.87231110552257,-84.33424029286543,60.347159422309744,11.736653040698219
34.05430659781266,-84.35444418562805,34.14586504137684,-84.34022348150008,129.5296678704342,7.127534289985576
34.05924678109215,-84.34463224556426,34.04191239169064,-84.3251401191379,95.24986181105628,0.9783587977661868
34.05886581804382,-84.34485746165551,34.04273518054178,-84.3257536553235,95.24986181105628,0.9425822399583996
34.0607686294123,-84.3448463699728,34.042084506354804,-84.3247689943674,95.24986181105628,0.9992517738413234
34.06147222499028,-84.34475813506354,34.04170700528977,-84.32685779939827,95.24986181105628,0.880618263228057
34.060624126307424,-84.34580520315826,34.0429644386765,-84.32647185447867,95.24986181105628,0.9018428600565757
34.06168341002511,-84.34387205478914,34.04215852252167,-84.32661214646582,95.24986181105628,0.8934023201114529
34.06043891371035,-84.34513929978155,34.040925962574164,-84.32689928132572,95.24986181105628,0.8830972830998997
34.06068022992682,-84.34293861830365,34.04212626188309,-84.32453700613966,95.24986181105628,1.0124866583728311
34.19354451967111,-84.42610451939727,34.21633195751702,-84.39795160824633,48.348300767148146,12.402721929226757
34.194432480652914,-84.4265249323838,34.21526854147195,-84.40099229266555,48.348300767148146,12.378246023327128
34.11874349933972,-84.46913956643299,33.90469133386165,-84.24866939883715,75.5051545877349,10.909054436407768
34.021501219374464,-84.21718369971906,33.99554698579983,-84.07700232866448,61.403649538143185,15.558911493341673
34.076001554373406,-84.27596266085479,34.09585059564419,-84.27777320326311,70.7054597150373,5.213928720289836
34.49050878087021,-84.43588981259889,34.47173340205739,-84.52065825089241,75.56836026213249,31.301500284368753
33.99851543884827,-84.42397635697819,33.97814733730344,-84.44121849215998,60.763228440804696,7.208996623814808
34.139702303716035,-84.51200124639244,34.034317728140906,-84.34281833370734,72.81281536996984,0.5629405006075445
34.04054986274076,-84.0929339282986,33.88643681165364,-84.24724981381397,43.3672840946807,12.057106095084475
34.081028713137606,-84.34409463880765,34.04914547545648,-84.22408839767303,50.521690916557425,6.790963510200841
31.57235925623124,-84.25694360754652,34.02320039536781,-84.36416615187481,752.172978944138,1.831804911426877
31.57097310408608,-84.25655727374932,34.0216263338065,-84.3640686499291,752.172978944138,1.9082380703208546
34.0402622015707,-84.33911026133421,34.045625506124814,-84.34009889574236,93.21287976738502,0.24820197539902222
